order_item_id,order_id,product_id,quantity,price_per_unit,total_price
1,583,244,4,274.55,456.95
2,785,411,2,671.2,1835.22
3,1381,416,1,156.09,637.73
4,1747,193,5,465.43,894
5,281,67,5,491.62,3927.5
6,675,284,2,637.88,615.87
7,1711,366,4,948.83,2300.97
8,1808,30,3,973.93,3994.43
9,783,204,4,389.61,3976.74
10,692,438,4,193.93,2832.28
11,570,396,4,590.94,4559.69
12,1796,406,1,677.32,4623.16
13,512,80,3,945.54,46.1
14,358,220,5,398.16,4532.48
15,1026,247,2,834.03,1209.81
16,759,475,1,595.82,1731.55
17,1798,115,1,872.38,2272.57
18,1532,161,2,682.82,4532.25
19,239,421,2,938.78,836.88
20,665,118,5,997.39,1125.23
21,1768,387,5,121.35,1370.18
22,1468,229,1,670.96,4308.89
23,1363,333,4,425.44,1375.17
24,1483,247,1,479.71,4947.36
25,1257,303,4,171.96,1451.83
26,904,163,2,204.06,4730.8
27,36,245,2,53.53,3567.75
28,1831,498,1,929.7,1675.47
29,591,203,2,380.98,4875.14
30,1670,331,2,841.74,4718.61
31,822,298,1,307.45,1896.49
32,752,432,3,45.29,1139.7
33,878,343,3,233.51,4009.42
34,885,320,2,867.32,2638.81
35,526,497,5,127.51,3891.03
36,1296,55,2,252.89,1795.36
37,1743,42,3,327.96,4515.26
38,365,269,4,586.3,4901.35
39,1269,376,5,110.54,3321.31
40,1493,387,4,774.42,852.83
41,1337,73,1,421.81,4654.8
42,166,19,2,691.88,515.22
43,1911,120,4,563.77,1985.36
44,1733,186,4,276.01,1762.79
45,1010,221,1,288.27,4871.79
46,1106,464,3,226.59,4021.9
47,810,65,3,514.28,4673.19
48,1432,107,1,379.68,2633.85
49,359,16,5,882.27,893.63
50,975,310,2,247.96,466.49
51,41,83,4,931.04,1394.37
52,1742,285,5,745.47,183.44
53,426,175,3,62.64,3961.86
54,42,333,4,812.25,1269.57
55,339,408,1,688.26,753.51
56,811,215,4,667.57,2936.04
57,1718,146,2,344.42,4924.03
58,756,458,4,822.69,4079.74
59,1179,263,1,696.01,4459.11
60,167,257,5,485.41,1902.02
61,104,334,4,70.87,862.88
62,799,222,3,993.85,711.64
63,842,431,3,252.12,2033.45
64,1312,244,4,372.23,4405.49
65,273,161,4,449.92,780.26
66,1712,367,4,891.77,675.8
67,1295,156,4,49.12,4443.54
68,828,380,4,117.82,364.53
69,34,116,2,515.92,408.34
70,1646,203,2,732.32,4307.84
71,723,49,4,321,1132.73
72,1860,500,3,523.73,3624.53
73,1701,397,2,145.81,3203.78
74,1161,100,5,385.38,792.45
75,787,69,1,632.93,1277.58
76,1075,191,4,940.09,2542.62
77,189,409,3,669.05,4082.98
78,452,158,2,842.65,204.9
79,1622,240,5,572.81,2799.56
80,1975,199,2,55.55,3604.72
81,299,405,2,545.36,4037.59
82,1639,106,4,868.89,4991.33
83,1466,257,2,511.63,1990.47
84,1133,452,3,476.43,2633.71
85,833,479,3,718.2,1687.58
86,727,72,4,85.13,265.82
87,18,499,4,469.72,2587.96
88,1727,1,5,889.03,4972.24
89,1269,497,5,408.3,4025.78
90,1660,80,1,670.69,1515.85
91,1794,326,3,974.77,1371.06
92,802,349,3,302.04,3855.36
93,1113,235,5,96.15,2392.18
94,1821,463,2,827.62,1427.09
95,1760,497,2,581.64,657.94
96,1228,459,4,684.6,3255.66
97,1788,280,4,131.1,4506.12
98,54,349,1,237.89,317.23
99,1271,330,3,275.88,259.04
100,1681,65,3,466.28,1183.26
101,1589,275,1,576.07,3293.41
102,1309,331,1,622.59,1055.39
103,1710,271,1,339.35,2529.21
104,1832,367,1,969.3,4000.91
105,1305,72,2,203.14,198.09
106,1635,40,2,267.13,4694.43
107,212,417,5,488.64,4636.66
108,1047,377,2,59.69,1038.97
109,1959,342,1,611.53,2365.53
110,1089,170,4,936.15,2507.61
111,501,455,3,820.72,341.57
112,291,324,5,568.31,875.13
113,242,74,2,277.35,2414.81
114,972,74,2,972.26,3202.4
115,1172,215,4,446.33,1097.53
116,1010,250,5,61.34,551.68
117,1096,195,2,925.57,3124.38
118,956,1,3,212.06,1046.24
119,197,23,2,387.54,1537.65
120,1503,198,3,929.62,1134.26
121,1239,38,4,788.18,3848.69
122,445,144,2,12.29,1536.42
123,927,347,4,277.41,1982.94
124,962,345,1,762.49,4262.69
125,1781,378,4,875.69,1550.9
126,202,488,2,182.87,3378.08
127,212,473,2,941.59,4164.7
128,326,319,3,911.27,3001.6
129,1883,265,4,86.07,4962.42
130,1930,148,1,611.35,2199.2
131,1022,381,4,967.93,395.08
132,433,235,1,969.61,2901.11
133,1357,314,5,215.61,2132.55
134,461,211,1,619.41,4748.11
135,1226,461,1,127.64,468.91
136,1326,131,1,933.83,2022.18
137,400,259,1,378.96,4148.85
138,934,312,5,600.02,4826.86
139,1333,468,1,287.32,4288.5
140,1316,411,2,435.29,2968
141,1177,465,5,515.24,1299.86
142,700,490,3,832.03,2421.1
143,410,257,3,431.98,2402.69
144,1056,411,1,837.54,1435.7
145,531,139,2,853.68,2780.66
146,1903,133,5,802.84,2180.92
147,1006,148,5,611.46,1011.09
148,1022,456,1,899.63,3303.69
149,1224,363,1,109.27,1666.7
150,1495,412,4,885.15,4010.33
151,89,444,3,349.05,4005.64
152,393,356,5,181.08,3392.17
153,991,388,5,625.29,134.97
154,1966,348,1,430.63,3401.7
155,744,273,2,831.58,4756.19
156,871,459,2,963.12,3631.03
157,1019,373,3,644.36,3396.91
158,610,391,4,320.9,4694.25
159,437,370,3,94.54,3462.24
160,1315,491,4,850.06,4436.19
161,1331,144,2,911.36,4862.65
162,1747,227,3,181.52,1804.95
163,851,489,4,120.66,3443.1
164,1951,361,4,615.7,417.65
165,1078,372,3,387.82,1597.01
166,1490,221,3,703.32,4971.77
167,1979,278,5,156.16,4679.3
168,1878,294,2,743.89,1699.66
169,1162,41,2,518.75,1009.25
170,944,97,4,609.37,1648.4
171,86,214,2,998.34,3862.12
172,73,303,1,771.72,4173.69
173,1439,400,4,596.02,3540.92
174,321,360,4,368.26,44.03
175,184,399,1,904.26,291.52
176,1447,192,5,243.31,3005.43
177,713,257,1,991.13,2939.25
178,1793,19,5,919.84,2104.71
179,1498,170,2,217.62,1618.37
180,811,392,5,668.3,3581.24
181,604,444,4,108.64,1196.31
182,259,145,4,502.29,4932.12
183,258,136,5,125.24,2504.38
184,1095,115,4,588.72,2170.41
185,1157,263,3,786.13,4650.14
186,1560,468,5,634.08,4559.44
187,1927,170,5,485.47,1067.87
188,1129,110,4,223.03,1099.68
189,892,10,4,846.29,1723.8
190,1599,299,1,605.41,2064.38
191,1914,60,2,785.73,3393.01
192,1013,302,1,446.06,1830.78
193,1688,90,1,487.11,1944.27
194,815,205,5,989.99,440.6
195,1897,268,3,585.46,3922.81
196,150,458,1,646.02,2733.11
197,1357,157,1,312.58,852.22
198,794,350,2,702.89,3745.06
199,600,499,5,712.47,1303.18
200,992,71,1,703.19,2703
201,131,386,2,363.57,986.42
202,1784,261,3,981.39,4692.01
203,1659,487,1,65.82,4705.76
204,1100,252,2,922.04,986.29
205,320,159,5,508.25,3948.69
206,1763,293,3,824.56,226.93
207,235,288,1,825.5,2548.24
208,471,332,1,623.93,4469.18
209,1191,456,2,747.83,623.13
210,1181,458,4,120.47,4683.08
211,776,422,2,367.78,1098.25
212,1381,472,5,250.9,3871.5
213,1130,421,4,583.62,1932.36
214,282,400,1,704.86,2588.69
215,1163,474,3,451.33,3059.48
216,345,235,5,755.21,4362.78
217,928,121,4,482.13,3450.18
218,1554,49,2,377.29,3420.78
219,177,400,1,129.8,72.43
220,1058,67,3,555.35,3913.92
221,561,402,2,438.13,3398.38
222,737,329,2,530.33,1342.31
223,614,78,4,740.74,4355.43
224,1955,235,2,723.78,1360.15
225,1402,299,3,447.45,4952.83
226,621,405,2,530.1,3969.64
227,1192,323,2,685.47,1720.3
228,1803,250,5,906.34,3502.16
229,320,423,1,50.87,1170.04
230,903,404,4,113.85,4725.53
231,1154,149,1,100.43,1793.83
232,689,486,5,316.1,4861.83
233,359,77,2,912.49,1440.47
234,531,160,3,135.64,163.39
235,1275,369,1,258.23,2565.58
236,931,83,2,180.73,1544.09
237,1702,88,1,886.46,3280
238,617,121,4,858.8,675.22
239,671,12,4,660.12,3973.4
240,1935,8,2,661.49,2696.2
241,1762,5,3,871.25,3731.32
242,827,139,4,194.41,4989.97
243,1895,331,3,255.68,1813.36
244,1476,94,2,956.07,2914.51
245,1417,258,4,147.6,3569.11
246,1025,489,4,995.61,4707.68
247,1067,310,3,583.51,1392.77
248,437,233,4,149.52,3382.47
249,504,335,4,959.97,675.84
250,1859,483,4,205.76,707.96
251,155,458,2,906.85,2353.03
252,709,492,1,582.66,2108.63
253,468,233,2,626.37,1360.16
254,974,365,4,55.08,2807.55
255,864,248,2,27.56,381.78
256,1071,51,5,459.15,2930.39
257,1837,333,3,49.17,3112.95
258,121,128,1,500.73,200.59
259,1268,108,4,588.49,1843.88
260,1373,395,5,719.66,45.81
261,747,356,4,450.74,3085.72
262,703,372,3,528.19,1132.59
263,1545,110,4,481.18,211.47
264,1910,109,1,236.99,2653.71
265,1254,310,3,157.89,2656.02
266,831,110,4,251.93,1818.69
267,1163,427,4,515.12,3292.81
268,733,433,5,691.6,194.08
269,1530,392,3,427.75,3328.11
270,640,166,1,385.54,4747.65
271,596,267,1,430.3,4090.36
272,676,411,5,304.4,4277.43
273,382,283,1,380.98,376.83
274,1516,41,5,638.47,4826.23
275,1602,206,3,897.14,1298.01
276,727,360,3,28.76,1435.83
277,211,496,3,466.7,1863.74
278,289,323,5,844.93,3713.91
279,893,491,2,531.36,1337.28
280,121,399,2,519.61,4132.75
281,1285,174,1,874.98,1056.82
282,1071,306,4,735.09,707.66
283,480,197,4,62.51,543.78
284,344,139,4,594.18,4809.64
285,1808,210,4,374.29,1980.64
286,845,378,3,504,3054.81
287,786,249,5,655.49,3105.53
288,1171,434,2,336.11,284.68
289,1430,400,4,240.65,194.04
290,1478,270,5,530.83,1752.8
291,921,97,4,201.7,998.27
292,133,196,1,989.71,3237.44
293,1149,213,4,255.32,3249.25
294,1565,153,3,928.09,4351.03
295,1536,31,2,425.18,598.21
296,1301,478,1,932.91,2127.15
297,520,108,2,822.78,3205.5
298,545,167,4,71.4,452.61
299,1109,454,4,768.57,966.48
300,1896,80,5,611,835.61
301,1385,313,3,204.14,2760.3
302,1173,199,4,209.75,112.62
303,1297,453,3,226.57,862.57
304,1584,335,2,779.2,1920.12
305,677,54,5,764.93,3109.31
306,1484,297,4,463.36,1272.76
307,308,305,5,612.4,857.42
308,567,257,3,996.67,559.4
309,1464,260,4,48.03,1341.41
310,914,403,4,552.05,1888.36
311,803,223,3,998.27,812.76
312,1511,190,1,179.69,2351.33
313,578,110,3,900.67,285.38
314,1306,237,1,142.21,3044.74
315,42,345,1,390.32,2901.7
316,971,78,3,404.62,3845.87
317,777,307,5,412.14,2630.26
318,613,189,4,880.94,4762.52
319,1020,428,1,158.9,2671.85
320,1,497,3,360.13,3731.12
321,1209,1,1,667.25,4559.21
322,731,261,4,512.02,4365.06
323,315,239,5,496.65,1334.29
324,1431,99,5,755.64,799.53
325,1432,383,3,406.87,747.16
326,1733,126,3,172.84,1970.21
327,151,288,2,963.83,4392.53
328,746,287,4,669.81,3930.7
329,57,332,3,403.67,1682.27
330,1838,448,1,368.64,3126.36
331,511,482,4,324.06,3472.66
332,1248,367,3,879.53,328.21
333,649,236,4,793.26,1570.48
334,360,263,1,630.44,818.34
335,687,459,1,986.96,3961.94
336,180,259,5,894.01,868.88
337,1681,218,2,680.4,4005.42
338,169,248,3,522.93,2919.48
339,585,429,1,229.43,3656.89
340,1320,295,4,82.66,3565.55
341,744,446,5,143.5,1205.69
342,63,47,2,24.72,4391.47
343,72,303,3,434.8,2458.86
344,1562,182,4,515.85,2265.07
345,1952,117,5,550.64,1992.58
346,1465,329,3,630.61,2803.4
347,1459,316,5,561.87,1263.78
348,85,299,4,269.06,123.63
349,1005,440,3,116,862.42
350,200,151,5,663.83,2104.52
351,1592,279,1,517.92,3773.39
352,1450,319,4,852.48,2418.73
353,1475,34,3,640.21,1617.24
354,151,252,2,217.72,60.18
355,336,163,1,176.14,403.35
356,638,456,1,884.21,4335.54
357,1144,203,1,60.08,4573.4
358,628,152,2,908.02,524.7
359,1438,249,4,521.47,3805.38
360,1238,370,4,503.31,1810.99
361,55,255,3,52.85,1393
362,978,223,3,518.23,3500.72
363,1141,491,1,170.04,2402.61
364,1061,434,5,362.16,3545.81
365,63,466,5,260.14,854.73
366,537,306,3,236.88,4114.61
367,894,32,5,273.64,686.02
368,1,36,3,241.83,3893.91
369,1712,470,2,373.52,2183.77
370,893,291,1,788.09,818.9
371,1911,13,3,705.54,3457.72
372,1593,424,4,655.49,2347.72
373,1921,91,1,159.82,1379.5
374,843,39,5,144.73,3755.13
375,801,396,5,563.31,469.87
376,230,241,3,958.58,2847.4
377,1214,128,5,671.91,160.92
378,685,460,3,224.54,884
379,741,496,4,217.25,4289.59
380,426,490,4,215.29,3860.03
381,1474,394,5,523.46,3251.65
382,1279,307,5,225.91,1451.17
383,314,284,2,381.4,4823.62
384,1781,293,4,941.67,3930.56
385,1272,140,3,289.75,3198.28
386,1719,195,3,507.86,1145.46
387,41,428,1,902.34,2627.56
388,1748,462,5,128.92,3346.7
389,1375,275,2,882.99,730.73
390,1231,419,5,578.24,3675.67
391,1991,3,2,865.25,1115.99
392,1135,100,4,577.33,1864.03
393,1575,490,2,800.54,2672.8
394,635,7,3,715.6,3962.42
395,241,312,3,43.65,2802.73
396,1229,266,1,255.9,2569.05
397,1890,268,3,537.22,3960.16
398,17,354,1,426.63,764.89
399,2000,102,4,126.06,3529.6
400,658,306,3,349.49,1172.31
401,354,124,4,687.1,3088.32
402,525,38,2,758.91,277.16
403,513,394,1,511.93,1834.68
404,704,428,3,325.6,1373.39
405,1397,143,4,638.73,4204.37
406,1728,311,3,489.6,136.35
407,245,84,2,502.06,996.81
408,367,232,5,986.27,529.46
409,686,164,1,865.57,4889.77
410,85,9,1,700.56,1185.42
411,1621,463,5,744.21,496.69
412,888,317,2,261.65,1576.6
413,1289,120,2,95.38,3053.13
414,736,297,2,590.12,478.47
415,590,157,2,167.33,2055.19
416,299,158,5,512.22,598.24
417,313,372,4,260.77,2030.22
418,1015,56,3,965.49,848.17
419,1039,399,1,298.31,1618.15
420,192,290,5,207.03,2137.98
421,1732,330,4,771.69,4136.3
422,860,460,2,877.51,3448.14
423,1755,323,5,699.59,2036.56
424,1980,128,5,791.21,3450.29
425,170,400,1,199.56,4417.68
426,1693,147,5,256.11,714.4
427,909,478,2,141.54,1144.13
428,1574,461,4,826.01,2464.85
429,1568,215,4,579.07,3147.98
430,1181,390,2,438.72,4704.43
431,43,56,3,535.64,794.99
432,525,283,4,818.82,2300.9
433,755,128,5,858.62,1400.9
434,262,318,2,781,3869.04
435,70,140,3,945.06,3133.94
436,71,399,1,730.97,4565.99
437,84,450,4,641.19,34.23
438,253,114,5,851.59,1095.46
439,293,199,1,928.06,2744.64
440,592,259,5,41.96,4614.2
441,249,221,2,337.59,4199.62
442,580,343,1,460.93,3902.99
443,1796,490,3,777.75,3361.17
444,1074,490,1,836.6,209.64
445,1844,345,4,529.54,452.14
446,1190,370,5,655.72,1929.78
447,1287,290,4,732.11,2996.29
448,1187,128,4,324.68,2035.45
449,1208,123,1,668.88,704.14
450,166,145,2,234.56,900.82
451,461,333,2,929.45,3669.69
452,502,195,2,308.42,2650.22
453,1776,1,1,112.07,4189.56
454,750,274,3,213.2,548.71
455,1771,47,1,27.43,1425.57
456,420,387,3,141.76,4728.17
457,1792,245,1,550.81,2216.78
458,782,341,2,352.57,76.74
459,127,308,1,541.37,83.61
460,35,240,3,244.22,4534.28
461,1094,486,2,685.23,4719.96
462,544,414,1,446.05,2307.64
463,1342,118,4,60.65,4315.79
464,1504,162,4,629.66,2871
465,1215,137,5,199.29,3599.6
466,1745,347,3,203.49,62.33
467,1079,194,4,571.65,312.17
468,83,273,4,479.03,1635.87
469,141,335,1,794.52,2636.24
470,1313,357,4,105.97,4680.49
471,542,148,5,587.52,513.15
472,497,155,5,223.33,1029.52
473,959,204,3,443.99,1703.52
474,1707,166,1,465.89,3737.59
475,1381,463,1,930.29,1379.03
476,634,22,4,708.16,3938.69
477,1110,499,5,93.02,1178.6
478,618,370,1,233.24,589.18
479,143,187,3,816.59,1521.82
480,1837,59,3,54.05,406.34
481,1812,248,4,179.14,3641.45
482,1831,33,3,733.77,1634.38
483,143,101,3,896.16,3033.07
484,1328,135,2,185.64,3232.9
485,245,482,5,42.38,4928.68
486,916,405,2,785.78,3566.42
487,62,330,1,42.37,453.29
488,78,322,2,855.47,1350.14
489,1773,182,4,79.82,186.49
490,1287,88,3,650.12,3166.25
491,615,21,5,755.09,2936.29
492,1178,246,2,380.14,2456.39
493,1175,163,1,342.87,1929.61
494,1957,94,1,44.48,2287.99
495,1806,463,1,272.5,2889.74
496,1132,196,2,953.73,4208.5
497,226,166,4,520.49,3108.47
498,281,300,4,558.39,4946.26
499,271,394,1,91.08,1994.84
500,1352,54,4,41.6,3818.93
501,941,358,5,161.64,3928.33
502,246,333,4,54.67,4227.65
503,1567,326,2,536.76,1349.14
504,1794,383,1,149.78,143.49
505,136,320,2,401.74,1987.98
506,1035,333,3,801.97,1984.09
507,1806,260,5,31.57,3146.39
508,1750,146,5,521.99,3601.06
509,666,405,4,640.78,4518.29
510,1697,456,4,120.06,3057.07
511,1042,251,2,996.65,1748.46
512,848,367,2,192.63,3774.89
513,997,418,1,993.84,3482.4
514,546,332,1,392.93,4574.61
515,669,21,5,377.23,492.63
516,1865,52,4,998.4,2408.61
517,1417,261,3,90.45,545.52
518,1475,318,2,93.04,2827.51
519,1936,201,3,277.98,4086.51
520,1034,371,4,456.14,179.42
521,1293,70,1,978.3,4464.27
522,251,492,1,119.3,2512.54
523,622,99,3,733.84,3403.02
524,699,146,3,100.05,4001.68
525,104,403,4,751.41,2941.51
526,743,205,3,759.43,634.33
527,1187,14,3,928.04,2149.8
528,1155,271,2,54.13,532.93
529,47,260,2,766.62,3272.45
530,870,435,5,600.49,2473.88
531,1816,333,2,554.87,2487.88
532,1447,482,2,826.56,4445.37
533,597,410,5,363.8,2878.65
534,642,195,3,406.47,2059.41
535,55,497,1,957.05,632.75
536,1266,457,1,197.36,1480.48
537,217,192,5,726.91,1517.44
538,45,228,5,594.93,401.89
539,360,260,1,247.18,966.36
540,1328,275,5,987.62,2506.35
541,499,274,5,987.9,489.19
542,890,400,1,702.46,2473.59
543,316,177,2,771.49,4224.97
544,1376,403,2,199.9,506.53
545,1423,142,4,273.65,4490.63
546,936,268,1,999.15,69.24
547,1149,71,5,231.98,1025.8
548,1734,39,3,149.63,4840.73
549,1820,87,2,568.56,2391.7
550,348,474,2,101.56,1951.67
551,1228,337,2,186.94,1413.51
552,397,431,3,112.81,2495.47
553,1351,79,5,493.34,2506.41
554,1508,381,5,25.45,4051.7
555,1171,48,1,225.01,2975.21
556,1739,266,2,693.78,4869.44
557,286,459,5,914.55,2651.28
558,324,209,5,37.65,1028.5
559,299,269,3,398.64,4026.72
560,693,223,3,199.92,4120.27
561,1961,259,1,662.05,2629.21
562,1324,406,4,822.62,1443.98
563,1808,32,1,142.79,99.68
564,970,399,1,654.86,4298.54
565,1984,181,1,388.9,1161.44
566,1224,6,3,313.8,1962.69
567,1030,287,2,312.42,2191.51
568,1600,92,4,95.94,4622.95
569,938,488,5,726.3,210.02
570,1377,204,5,259.15,407.75
571,1137,208,2,111.43,3447.6
572,1678,159,5,936.28,2047.26
573,186,199,1,544.13,622.1
574,765,213,4,391.15,723.98
575,1352,427,4,749.26,4499.1
576,1313,418,3,75.47,4249.22
577,1165,159,1,73.35,4212.7
578,1998,231,1,908.71,3525.31
579,838,373,5,466.4,861.6
580,890,284,3,980.16,3900.08
581,1258,276,5,333.23,3847.91
582,832,9,2,919,595.78
583,519,297,4,849.55,3763.52
584,1121,477,2,990.16,3005.93
585,1489,56,1,466.29,2519.08
586,1179,389,2,21.1,4335.63
587,465,160,3,264.84,4338.33
588,510,174,2,647.4,660.46
589,1919,198,5,543.09,1002.74
590,1834,69,1,484.11,4850.66
591,781,124,3,847.28,1690.46
592,2,350,1,633.36,1441.1
593,464,257,1,583.53,3565.59
594,961,458,5,196.98,3476.55
595,324,395,3,241.27,2117.02
596,787,381,2,214.51,1232.1
597,651,368,1,584.53,3312.94
598,1575,184,5,718.67,4008.28
599,127,96,5,689.05,1216.37
600,1514,479,3,736.58,2582.19
601,1919,187,4,84.08,465.35
602,193,90,1,418.8,1354.25
603,1085,29,4,891.31,4461.97
604,1162,164,1,184.6,4587.26
605,1741,49,4,14.79,225.6
606,782,237,2,82.9,2870.81
607,639,174,3,553.03,3324.85
608,353,495,2,718.54,2946.64
609,40,427,5,554.4,4949.61
610,1764,316,4,387.57,4844.27
611,1379,22,1,547.11,2183.8
612,798,277,4,880.49,534.7
613,1410,442,5,148.82,2206.22
614,852,376,4,174.59,4931.77
615,1679,86,4,431.91,4012.83
616,1712,121,1,780.93,4501.23
617,1496,486,1,566.96,1214.74
618,888,285,3,56.18,4876.92
619,333,329,4,538.12,570.53
620,244,395,5,777.52,364.7
621,266,86,3,532.52,4887.36
622,1495,156,4,66.3,4985.46
623,814,91,3,11.56,1160.33
624,457,53,2,800.15,1620.1
625,296,380,2,753.97,1820.05
626,363,331,4,720.59,2619.24
627,601,297,1,272.65,2161.42
628,466,282,3,569.97,197.99
629,393,83,1,343.24,4215.77
630,1549,213,1,272.42,3512.09
631,1368,140,1,166.39,904.85
632,806,95,4,162.57,1528.11
633,780,462,3,217.2,503.52
634,1818,205,2,644.19,1948.75
635,1590,412,5,354.1,2056.87
636,590,161,1,581.81,1720.54
637,711,214,2,293.51,2947.4
638,1737,275,5,242.21,544.44
639,1258,4,1,799.36,4711.27
640,1918,341,1,771.77,769.64
641,1584,171,2,177.25,4114.29
642,613,118,2,163.62,236.65
643,907,352,2,351.24,421.41
644,1015,219,5,245.53,4672.24
645,245,124,4,325.27,4061.86
646,1687,21,1,651.64,2862.57
647,1087,259,1,442.5,738.84
648,223,53,5,229.22,3462.47
649,136,384,3,162.87,4474.56
650,854,427,1,457.26,3282.42
651,1834,189,4,933.45,4051.35
652,72,357,3,839.85,4460.29
653,422,345,4,788.1,2521.03
654,504,134,5,496,2033.8
655,1030,152,2,342.78,3473.65
656,206,481,1,261.47,2189.35
657,184,372,3,588.87,4153.59
658,1197,197,1,588.31,3723.71
659,1411,412,2,670.68,1605.06
660,966,50,2,438.63,3515.37
661,454,443,1,128.07,1182.7
662,993,297,1,15.77,2194.33
663,1387,64,4,841.84,3467.25
664,281,496,5,524.44,4437.79
665,127,360,5,958.39,3902.74
666,1989,438,3,372.78,83.33
667,279,78,3,623.56,2107.88
668,99,158,3,784.95,1350.35
669,814,256,4,517.98,2344.9
670,301,47,4,329.07,2893.96
671,1193,11,3,608.77,1562.15
672,328,376,2,115.6,1760.44
673,45,138,5,65.23,789.3
674,601,305,1,323.12,1864.81
675,615,370,2,747,4983.42
676,974,413,5,706.41,2469.56
677,677,167,1,272.99,3398.4
678,557,54,4,217.5,925.19
679,1221,119,5,879.56,309.98
680,179,90,4,582.85,4027.97
681,289,52,1,514.17,3235.38
682,1351,474,3,849.28,4049.76
683,1569,384,1,526.3,169.14
684,1188,1,3,260.79,4344.08
685,713,240,2,395.11,3328.55
686,1773,371,2,743.73,874.91
687,10,164,2,678.84,4973
688,795,112,1,11.43,4089.06
689,1725,439,4,79.7,1615.58
690,755,462,2,377.36,1558.82
691,1398,282,1,520.87,4344.88
692,1605,275,1,570.19,634.71
693,1075,30,2,697.48,4726.19
694,1870,355,4,45.84,3188.34
695,70,53,5,767.46,3366.6
696,631,146,2,632.51,2907.93
697,851,221,3,370.59,1212.91
698,444,436,3,758.47,1865.25
699,1204,23,2,68.32,2428.21
700,1201,345,1,410.05,2368.41
701,485,241,2,837.13,4200.23
702,1890,171,5,963.74,63.66
703,23,186,2,340.81,2161.54
704,101,500,5,391.4,2996.36
705,1617,56,5,160.62,289
706,894,453,1,500.4,3903.2
707,458,155,4,55.53,2248.2
708,382,375,3,807.44,4126.08
709,45,382,4,664.46,3137.03
710,1520,351,4,766.02,1480.29
711,910,397,4,627.15,2688.1
712,1104,143,5,89.65,4757.3
713,1369,285,5,773.07,1861.21
714,776,414,3,442.06,805.12
715,1679,466,3,427.25,313.65
716,185,423,5,240.11,2890.14
717,1302,315,2,771.26,1914.67
718,837,341,1,198.47,1195.07
719,572,141,1,264.98,4861.51
720,204,336,3,999.42,3280.82
721,169,357,3,171.59,2417.44
722,1468,300,5,351.85,3587.1
723,1150,414,3,797.47,3955.32
724,881,427,4,63.74,4106.85
725,1944,417,1,952.92,4016.55
726,504,499,3,175.48,4074.35
727,413,461,1,613.61,528.94
728,881,352,4,504.87,66.05
729,1360,160,2,622.38,2159.65
730,1676,274,3,415.25,4344.3
731,852,364,4,92.45,4305.61
732,920,270,1,132.36,512.86
733,976,282,4,812.21,4552.51
734,1170,448,3,537.97,4981.34
735,531,412,5,211.16,2584.56
736,414,454,1,237.3,846.89
737,879,142,2,709.88,3967.22
738,1230,460,5,246.07,820.92
739,1499,495,2,338.63,2145.15
740,1151,409,4,313.81,166.05
741,100,97,2,950.1,3655.79
742,1042,30,3,934.03,4523.7
743,479,291,4,909.92,3531.47
744,578,363,5,50.7,3269.73
745,1516,274,1,708.22,2661.83
746,1757,177,4,506.88,3200.22
747,1632,135,1,526.37,1988.99
748,1690,298,2,160.61,1981.19
749,1626,147,5,255.9,4552.6
750,1932,135,4,904.62,3726.41
751,443,57,4,347.36,2940.17
752,1722,185,5,357.86,512.79
753,1529,162,3,128.86,2007.26
754,611,200,1,337.15,3007.11
755,1022,250,5,920.81,4262.35
756,1802,100,5,206.63,1906.39
757,1703,278,4,269.18,1076.39
758,22,262,1,653.22,4452.75
759,1075,364,4,190.26,449.14
760,1265,350,3,667.94,3308.69
761,555,209,5,611.33,4026.01
762,1725,71,4,806.74,254.73
763,27,213,5,546.57,1908.21
764,1660,325,4,607.14,1297.6
765,900,266,3,375.59,1683.94
766,669,350,5,852.69,2864.95
767,1208,398,3,13.76,161.41
768,439,243,4,135.98,3778.24
769,764,234,5,775.14,3430.67
770,1660,328,5,984.82,3239.64
771,704,37,1,729.26,2555.04
772,1287,222,5,486.14,830.26
773,1082,108,5,974.77,1330.51
774,20,160,3,918.42,4155.66
775,1472,179,5,430.25,4507.13
776,176,38,1,444.5,938.99
777,938,124,2,852.72,132.6
778,1030,14,5,520.56,3918.39
779,1503,99,5,192.26,4920.56
780,1145,131,4,78.16,1853.08
781,1325,374,5,378.9,3669.73
782,1916,200,3,348.95,4189.9
783,1709,355,2,854.84,399.54
784,600,11,3,769.62,2409.28
785,524,286,2,445.7,2920.31
786,991,129,2,553.38,3682.1
787,1732,90,1,944.28,3707.26
788,1230,115,2,551.58,28.88
789,427,86,2,875.57,2318.66
790,876,76,4,959.44,2791.13
791,1965,352,5,493.55,852.72
792,1213,45,1,646.3,1523.2
793,1623,277,2,212.68,2735.09
794,1371,451,4,859.08,148.37
795,1540,498,4,623.5,2326.87
796,36,492,3,444.44,2578.33
797,483,173,2,456.92,3087.07
798,106,303,3,858.09,2032.88
799,698,60,4,604.54,1819.35
800,861,35,2,285.47,4272.37
801,749,310,5,720.13,1467.19
802,711,61,4,236,687.43
803,1337,104,5,901.69,2193.58
804,24,386,4,243.87,4952.67
805,430,334,2,726.87,2749.09
806,1600,150,1,587.61,1918.57
807,344,258,4,559.49,1555.32
808,256,329,2,46.94,1604.32
809,438,301,5,451.72,2956.72
810,413,74,4,662.67,2677.76
811,747,170,1,502.37,3060.91
812,636,208,4,53.2,1160.36
813,1609,465,4,817.71,3784.16
814,1724,354,1,198.11,3943.85
815,1221,481,4,834.52,3536.85
816,435,293,3,766.38,4772.74
817,1681,129,5,741.22,1386.75
818,1261,483,1,382.48,2396.89
819,707,147,5,639.58,3249.01
820,1670,236,1,917.66,942.26
821,1845,145,1,331.16,172.53
822,383,57,4,768.03,1658.07
823,124,370,2,478.85,2653.82
824,635,96,3,673.66,217.51
825,1393,328,5,27.27,1768.95
826,1298,286,4,863.17,4813.84
827,1181,173,1,757.35,1233.49
828,848,271,1,169.02,1211.22
829,1098,411,2,109.64,4071.71
830,1595,186,4,737.96,3416.29
831,478,181,5,104.89,3659.23
832,650,18,3,151.35,4620.79
833,150,64,4,600.72,4823.12
834,995,232,2,773.04,1103.5
835,74,359,3,82.81,1769.03
836,177,338,2,278.47,4962.49
837,110,11,4,736.95,3000.41
838,9,496,3,91.19,2966.31
839,1840,197,2,926.61,3327.34
840,22,401,2,280.9,3107.14
841,1016,148,1,160.01,2828.39
842,1355,226,1,182.37,4814.98
843,1760,202,5,623.36,1583.41
844,1292,436,2,925.79,2864.88
845,414,261,2,443.28,2571.43
846,875,144,4,923.93,2379.77
847,95,355,3,941.39,2550.08
848,123,39,2,823.89,1642.64
849,294,183,4,15.37,2151.24
850,1305,45,3,795.59,2594.71
851,1729,287,2,254.12,360.5
852,1295,129,5,267.71,830.82
853,1863,45,4,267.71,4133.07
854,1337,471,5,475.19,3588.8
855,1491,21,1,964.47,4754.34
856,936,289,3,898.82,1352.5
857,1981,373,2,464.58,4947.99
858,1682,64,5,244.18,2142.14
859,1384,498,4,697.87,1864.44
860,1452,61,5,268.95,222.75
861,143,406,2,743.24,1854.36
862,1014,21,5,12.32,3376.84
863,207,254,1,652.26,1597.59
864,251,175,4,653.3,4690.17
865,860,32,2,725.36,2737.35
866,182,397,3,806.27,2849.5
867,627,155,2,262.18,2341.82
868,1910,347,5,242.34,2098.14
869,889,375,2,542.4,3392.5
870,890,295,5,834.58,4532.02
871,1655,140,2,499.59,610.2
872,1805,409,4,460.87,3355.11
873,1466,75,1,937.6,2764.67
874,1619,211,4,484.29,567.16
875,1616,42,4,785.35,1329.87
876,322,296,2,222.7,3349.26
877,1421,432,1,499.54,4771.17
878,1740,64,4,263.58,2000.76
879,699,351,2,785.42,3526.47
880,826,160,3,394.95,1474.37
881,1869,254,3,281.4,4630.19
882,1952,202,5,945.01,4641.96
883,1173,336,5,822.21,3453.93
884,413,55,2,360.72,3479.02
885,1622,325,1,199.35,768.71
886,1044,107,2,709,186.55
887,1888,455,4,415.33,4344.72
888,1065,464,2,627.33,4324.31
889,1524,266,2,773.35,3091.91
890,87,125,4,158,1250.54
891,799,339,5,261.08,1024.81
892,1606,203,3,967.99,4538.9
893,342,485,4,88.66,659.94
894,1347,301,5,832.6,2468.74
895,1199,291,1,716.21,3098.69
896,1994,420,2,394.7,1982.35
897,82,450,3,127.73,4829.31
898,759,95,1,791.56,3795.23
899,1565,114,1,735.94,2348.11
900,126,62,3,907.5,1213.53
901,32,464,4,289.36,4623.55
902,639,104,1,688.56,1600.69
903,867,56,4,14.23,1085.2
904,39,289,2,79.48,1718.7
905,116,237,4,599.88,420.03
906,1138,20,4,966.93,2015.39
907,1779,176,1,954.37,2572.83
908,808,390,5,51.91,2455.46
909,687,38,3,849.12,2928.69
910,1251,352,5,561.57,4405.35
911,1887,126,2,431.18,4921.5
912,889,121,3,255.52,3291.96
913,10,359,5,719.08,1021.38
914,1388,221,2,60.36,3136.58
915,387,18,2,981.08,281.21
916,1340,402,1,81.99,2829.48
917,1274,311,2,781.81,1282.1
918,1438,430,2,845.96,1715.56
919,472,494,1,177.05,2869.31
920,1202,24,5,641.69,4098.53
921,150,242,5,855.82,1445.35
922,1740,314,4,512.27,591.38
923,1161,4,3,334.53,3097.13
924,1172,478,4,798.19,3763.13
925,443,398,2,130.4,4593.71
926,550,388,1,931.17,4611.7
927,1646,352,1,256.21,4612.74
928,1121,104,4,959.62,1780.76
929,646,66,2,675.47,2619.35
930,1052,425,3,375.98,3996.29
931,1211,166,4,492.04,3180.47
932,1789,136,3,199.26,3705.19
933,439,301,5,852.74,4046.9
934,1855,339,4,529.65,106.94
935,1441,25,5,827.69,2153.34
936,529,237,4,596.19,2457.13
937,1030,17,5,803.96,4847.7
938,1945,440,1,898.62,510.8
939,664,255,1,666.25,3155.27
940,879,59,5,312.59,447.66
941,1721,376,4,601.65,3576.93
942,643,459,4,832.08,3991.69
943,473,265,5,40.09,1183.5
944,1224,145,2,787.64,92.77
945,377,210,1,677.59,2490.96
946,1529,3,3,727.41,2263.63
947,1568,54,3,419.05,1625.59
948,950,454,1,445.83,125.4
949,17,388,3,963.6,2881.49
950,342,97,3,590.28,3974.4
951,1509,212,2,230.36,4387.33
952,1091,177,4,622.54,3800.02
953,964,11,2,241.15,3993.72
954,1150,152,4,223.79,1461.99
955,1413,262,5,517.71,1273.55
956,966,114,4,937.63,2906.03
957,650,331,4,156.08,3804
958,756,471,2,262.22,3076.86
959,35,472,2,348.78,4050.22
960,102,217,4,842.4,4133.47
961,149,46,3,615.94,1494.65
962,307,173,4,828.88,4205.46
963,234,381,5,459.05,3895.65
964,344,423,3,496.59,1284.67
965,1210,263,2,388.74,466.82
966,188,199,4,127.7,2886.02
967,10,247,1,374.43,4118.03
968,237,434,4,845.29,4236.19
969,811,212,1,18.37,605.04
970,1173,280,3,462.95,1350.01
971,1210,235,1,241.74,737.78
972,102,400,3,333.75,4508.69
973,788,62,1,736.97,4954.08
974,1704,206,5,282.8,1049.02
975,1106,88,3,163.13,1308.08
976,1422,102,5,136.15,4659.84
977,1109,381,4,686.58,3709.28
978,1337,85,4,349.27,2098.78
979,1285,60,4,705.73,2901.1
980,1259,178,2,56.41,4656.35
981,558,187,5,508.42,2733.45
982,1115,367,2,514.64,1325.81
983,752,367,1,699.61,1062.56
984,439,146,4,135.71,276.25
985,254,96,4,521.45,205.8
986,1758,486,4,329.6,1439.51
987,292,390,1,757.71,3225.64
988,280,431,2,62.14,1888.64
989,908,400,2,758.96,3768.87
990,1084,300,2,437.48,2011.39
991,832,232,2,728.29,3344.75
992,1481,463,1,135.5,1890.01
993,1126,249,2,137.91,3426.43
994,351,251,5,791.02,2794.42
995,819,51,5,151.49,564.1
996,1766,28,4,710.68,4672.58
997,736,443,1,373.67,4458.05
998,1076,2,3,165.56,458.53
999,1516,236,1,259.93,1472.84
1000,1426,468,4,906.05,4236.27
1001,1700,163,1,738.79,3561.4
1002,547,118,2,511.05,4757.16
1003,487,90,4,995.35,1680.93
1004,1181,199,3,251.34,4871.4
1005,991,401,2,639.27,2803.07
1006,1665,411,2,923.01,4191.89
1007,1837,201,4,907.18,2421.98
1008,1717,218,5,58.33,2229.15
1009,1566,431,4,349.25,256.87
1010,1872,295,1,674.23,2897.48
1011,1795,175,1,166.68,1591.97
1012,537,200,4,366.33,656.86
1013,1048,408,5,547.02,2220.43
1014,1798,220,4,963.99,1386.86
1015,1437,429,3,315.2,2458.64
1016,551,19,1,401.41,4722.03
1017,327,361,2,574.83,1891.91
1018,387,183,5,733.49,2726.56
1019,371,30,2,779.64,4627.35
1020,1699,72,3,719.17,1834.7
1021,1862,161,1,468.95,3057.95
1022,1542,316,4,880.26,631.21
1023,1160,83,5,174.74,4620.37
1024,1279,207,3,593.93,4996.97
1025,1231,303,1,86.06,1938.99
1026,1026,227,1,456.85,2900.7
1027,800,431,3,952.82,1192.81
1028,1752,203,3,68.6,1341.78
1029,1700,338,3,423.48,1553.57
1030,572,154,4,43.54,1293.56
1031,520,301,2,570.02,435.79
1032,505,132,2,970.41,2776.54
1033,1843,359,3,841.92,1820.59
1034,99,316,2,915.84,4190.13
1035,1135,290,3,778.91,1268.95
1036,751,239,1,841.55,1091.15
1037,1540,360,1,405.6,3175.07
1038,1508,105,1,212.55,193.04
1039,868,272,3,122.89,3947.5
1040,7,92,1,177.33,3258.12
1041,122,431,1,170.17,112.73
1042,991,107,2,95.83,2182.04
1043,1689,474,2,362.46,3801.31
1044,849,353,4,338.28,3322.44
1045,988,309,3,650.24,425.45
1046,1922,63,5,475.25,4598.83
1047,278,490,5,417.17,2198.15
1048,1753,406,4,637.85,2147.53
1049,1098,35,5,923.47,4838.39
1050,1509,326,4,867.51,3833.43
1051,179,273,4,563.09,1234.42
1052,44,88,2,952.69,4108.33
1053,1130,162,3,386.56,381.56
1054,75,340,3,502.87,1164.53
1055,1502,152,4,372.06,997.77
1056,535,382,3,641.23,3324.04
1057,632,150,1,111.27,4418.07
1058,1928,281,3,738.66,103.97
1059,412,46,2,902.21,166.94
1060,194,197,4,334.35,2727.01
1061,1725,275,2,248.28,4863.36
1062,1282,491,5,201.31,1764.65
1063,1653,344,3,521.33,3082.05
1064,1012,21,3,650.55,3450.23
1065,1398,155,1,996.36,1205.55
1066,1633,160,3,879.14,619.89
1067,284,368,1,139.82,2466.26
1068,47,298,5,745.48,3502.49
1069,1602,493,2,467.86,4837.7
1070,960,44,1,518.95,1993.8
1071,1284,327,5,952.08,877.82
1072,397,176,1,87.16,2382.79
1073,1873,210,1,279.57,800.78
1074,1310,292,3,35.05,2492.82
1075,641,467,2,636.32,685.27
1076,1581,476,1,943.89,4903.19
1077,584,355,2,586.2,83.63
1078,1780,95,2,262.13,1167.15
1079,49,121,5,88.56,806.08
1080,32,360,2,144.01,1996.15
1081,782,257,5,906.91,94.65
1082,652,262,5,119.03,4231.03
1083,623,84,3,913.04,1011.58
1084,1181,472,4,300.43,3208.29
1085,1336,357,5,923.09,4323.1
1086,1714,69,5,435.07,3517.8
1087,79,455,3,345.76,10.72
1088,1709,272,3,89.82,3884.94
1089,73,25,3,796.11,1016.72
1090,302,155,3,524.68,4493.12
1091,1712,170,1,767.5,1556.79
1092,269,483,1,355.45,1553
1093,417,223,3,259.33,2818.97
1094,618,221,2,710.66,1726.39
1095,1831,191,5,163.09,541.2
1096,1231,137,5,43.03,1125.05
1097,1595,310,3,685.35,3683.62
1098,932,400,2,553.57,2434.21
1099,1203,140,1,646.37,3293.01
1100,1551,147,4,908.37,4867.13
1101,884,214,2,626.38,233.76
1102,1478,316,3,490.8,3057.1
1103,504,500,2,854.83,3060.55
1104,1609,81,4,943.51,4979.26
1105,1452,5,2,859.94,3333.07
1106,228,419,4,628.46,562.71
1107,13,417,3,99.08,3964.69
1108,1884,280,1,595.21,2680.33
1109,1342,434,1,311.41,4323.77
1110,280,1,2,853.73,54.24
1111,1542,334,1,644.01,2476.13
1112,1889,420,4,674.2,475.6
1113,668,287,1,655.11,3410.79
1114,625,306,5,264.23,1411.59
1115,471,103,5,32.95,4596.12
1116,224,35,2,953.31,243.59
1117,677,191,4,126.17,1314.12
1118,1037,294,2,891.85,1855.31
1119,142,17,2,972.32,753.72
1120,96,152,4,681.4,3954.12
1121,126,122,5,950.82,2592.9
1122,655,378,5,25.71,2007.13
1123,245,34,1,970.72,3011.18
1124,1781,396,5,288.5,214.51
1125,760,342,3,157.88,2158.31
1126,1085,245,2,961.26,2492.06
1127,1253,98,4,709.75,4806.65
1128,851,328,4,703.14,3766.68
1129,936,89,2,959.03,4200.26
1130,1646,448,4,410.39,1312.96
1131,724,104,4,291.94,3102.73
1132,287,103,4,254.36,2144.56
1133,883,472,2,319.8,3570.42
1134,1145,210,5,446.04,124.49
1135,337,235,5,433.78,3636.27
1136,408,48,1,499.7,4033.71
1137,1292,327,5,280.6,2321.31
1138,1608,494,1,326.7,2003.06
1139,214,385,2,281.74,1210.22
1140,206,289,1,572.66,503.52
1141,356,264,3,784.1,578.01
1142,3,150,3,630.73,3594.62
1143,617,319,1,747.42,94.15
1144,795,186,1,391.19,1304.89
1145,123,56,4,775.44,3390.49
1146,1901,26,5,208.54,1602
1147,1413,394,3,271.02,4511.26
1148,854,96,3,936.99,3456.47
1149,1682,393,2,62.65,4911.65
1150,1898,468,1,804.88,1896.42
1151,830,89,3,128.21,4576.12
1152,1059,77,5,689.06,1768.07
1153,953,230,4,608.9,3459.87
1154,1101,192,4,788.04,1032.99
1155,800,80,3,391.67,1146.96
1156,1751,75,1,263.6,2958.93
1157,114,483,1,26.94,2283.67
1158,123,314,2,654.81,4342.24
1159,1722,176,3,622.63,366.4
1160,1181,97,1,912.49,3342.41
1161,1890,203,2,230.22,919.88
1162,580,6,3,310.44,2616.94
1163,300,124,4,470.73,1596.93
1164,1415,192,4,242.57,1775.12
1165,296,279,3,992.46,1861.97
1166,1249,376,5,709.01,804.32
1167,738,276,3,57.77,1531.04
1168,125,426,5,578.98,2444.92
1169,1722,60,1,69.47,1799.66
1170,746,324,5,166.57,4800.72
1171,404,497,3,907.49,3837.76
1172,45,146,3,517.37,774.12
1173,1509,78,4,421.41,3469.77
1174,1381,209,4,361.22,3863.96
1175,476,399,5,207.64,13.23
1176,1172,437,5,265.69,2470.23
1177,652,318,5,409.21,780.98
1178,1042,114,3,284.87,3845.19
1179,763,476,2,913,3121.4
1180,1923,239,1,343.01,2107.96
1181,710,408,3,410.68,4961.7
1182,1254,25,1,419.83,175.52
1183,1173,446,5,614.39,4717.32
1184,332,423,2,880.05,4130.71
1185,389,381,5,854.73,2077.84
1186,233,500,2,821.33,708.53
1187,660,66,1,429.15,4977.13
1188,360,380,1,83.54,2147.01
1189,1449,353,1,280.46,3233.46
1190,1776,71,2,958.96,3679.1
1191,1587,481,1,725.3,750.75
1192,840,378,5,747.87,4592.48
1193,1449,447,4,120.18,4859.39
1194,239,310,2,829.44,3119.25
1195,1960,89,2,536.46,1905.59
1196,646,400,4,945.86,593.3
1197,708,50,2,975.06,3951.67
1198,96,255,2,577.58,3273.56
1199,1581,218,4,249.48,3457.5
1200,1995,62,3,959.6,280.85
1201,486,400,5,57.51,195.05
1202,1761,138,1,298.42,796.18
1203,669,168,5,459.83,1487.82
1204,1238,35,1,154.54,3995.3
1205,1967,236,1,203.05,2305.53
1206,607,68,1,197.73,3518.73
1207,271,128,1,124.31,3977.57
1208,709,184,5,769.52,1037.38
1209,110,92,3,790.29,2048.24
1210,1132,155,3,991.22,1346.63
1211,1026,424,5,317.51,553.76
1212,1400,212,4,904.02,638.38
1213,282,56,2,647.82,964.94
1214,1808,406,3,196.62,3539.11
1215,1339,273,3,454.98,2724.95
1216,753,413,3,486.44,4761.14
1217,645,148,3,729.8,4033.38
1218,787,183,3,48.22,2249.02
1219,245,449,3,967.16,1452.56
1220,1373,230,5,113.56,4178.23
1221,418,246,1,143.23,4707.04
1222,1653,303,2,685.94,4540.49
1223,801,312,4,920.94,4264.07
1224,1623,451,1,453.68,455.7
1225,490,362,4,554.25,3149.45
1226,261,427,5,64.47,4073.42
1227,1509,42,3,983.38,1272.08
1228,201,428,4,260.56,3490.89
1229,148,204,5,753.56,433.55
1230,1238,103,1,128.14,4510.23
1231,1730,101,3,830.43,4991.4
1232,404,292,4,808.24,4956.72
1233,1495,105,1,977.13,1160.63
1234,998,317,3,433.86,2410.99
1235,1952,148,4,476.93,2577.22
1236,1342,36,2,720.18,1220.63
1237,130,89,5,252.47,3874.47
1238,1543,147,3,12.77,4455.2
1239,205,333,2,979.44,2867.96
1240,1483,340,4,744.43,681.26
1241,1629,332,5,611.58,167.05
1242,1571,178,5,866.17,3907.5
1243,605,449,1,974.38,4357.8
1244,837,412,1,228.7,594.3
1245,937,245,4,358.74,456.22
1246,551,393,3,416.29,4294.36
1247,890,62,5,569.54,4751.52
1248,393,475,1,842.28,2425.84
1249,434,346,3,239.28,3283.83
1250,741,328,2,337.44,3368.69
1251,629,159,3,213.53,936.61
1252,1879,23,4,946.4,3907.06
1253,658,469,3,176.34,4355.73
1254,1845,373,2,144.67,3179.17
1255,1996,167,4,586.45,3836.68
1256,966,500,1,756.09,1122.05
1257,1035,54,2,706.83,1647.75
1258,496,149,5,555.3,4616.46
1259,157,66,1,266.65,3869.4
1260,1362,263,5,475.27,923.85
1261,1861,353,4,60.37,3895.78
1262,516,285,3,349.52,1587.18
1263,20,88,1,346.8,2284.78
1264,890,325,5,154.68,4543.36
1265,1640,329,3,182.64,821.37
1266,1635,22,2,573.73,1918.49
1267,1738,232,4,523.13,2226.19
1268,110,400,3,604.52,2167.44
1269,1736,135,5,650.85,3146.37
1270,1877,232,1,150.69,1259.47
1271,288,231,4,829.92,4289.37
1272,1377,218,5,695.5,3427.03
1273,1949,145,3,141.91,1438.92
1274,461,227,5,853.55,4392.37
1275,326,394,3,639.01,308.09
1276,209,184,5,539.62,1238.6
1277,1873,343,3,905.01,1466.29
1278,732,112,1,958.44,2110.74
1279,1470,123,4,671.77,4737.72
1280,919,468,4,769.27,2285.26
1281,1135,199,3,835.23,4951.42
1282,467,43,5,26.52,3254.62
1283,1042,123,3,640.33,2978.6
1284,44,237,4,902.57,1780.71
1285,1700,124,1,206.16,1768.44
1286,852,135,1,357.06,4901.43
1287,1677,86,1,395.85,1083.57
1288,1982,271,2,233.19,4207.35
1289,1053,6,5,430.67,2534.15
1290,1052,197,4,380.23,3760.24
1291,74,38,1,961.45,1499.41
1292,1225,366,2,414.38,1365.22
1293,1917,482,4,26.32,3029.76
1294,1413,371,1,954.82,2944.42
1295,952,499,4,502.28,1007.22
1296,785,315,3,18.61,4171.12
1297,1425,344,2,578.33,4461.33
1298,1925,469,1,128.81,378.57
1299,1078,320,2,812.14,39.11
1300,1410,158,2,893.44,1818.79
1301,625,207,3,197.68,2141.21
1302,394,382,3,967.07,3482.7
1303,1204,308,2,577.16,4925.8
1304,339,212,4,342.28,3528.85
1305,897,209,3,274.1,202.59
1306,1272,65,1,845.75,4032.1
1307,1583,259,1,733.26,358.4
1308,1060,125,3,401.36,1742.45
1309,458,18,5,319.74,397.92
1310,1257,27,3,847.28,376.82
1311,1905,220,4,379.31,3124.94
1312,1853,443,3,112.65,1849.2
1313,912,107,2,89.35,456.06
1314,1479,457,2,970.27,4753.56
1315,49,322,1,473.06,1446.89
1316,1698,378,2,493.84,2229.14
1317,1810,279,2,972.51,4647.18
1318,1984,427,5,161.14,1913.45
1319,1386,425,1,531.83,2220.7
1320,1363,118,4,483.43,2767.17
1321,1301,233,3,364.79,4006.61
1322,909,447,5,826.45,897.53
1323,1353,478,2,252.61,306.08
1324,1440,233,4,475.66,3012.85
1325,1349,224,4,827.07,1916.82
1326,106,278,4,415.37,2172.61
1327,1092,332,2,729.99,2413.74
1328,1963,29,2,545.42,3388.42
1329,529,459,1,231.31,3921.94
1330,649,402,2,888.58,4642.1
1331,431,494,1,677.13,3853.97
1332,1653,470,5,567.45,4364.18
1333,1569,89,3,879.12,2813.01
1334,880,438,1,81.96,4430.9
1335,1086,271,2,130.68,2787.93
1336,1663,452,2,889.19,2486.45
1337,892,213,3,946.86,4353.59
1338,1246,186,3,267.45,1112.75
1339,807,263,1,100.85,2121.68
1340,373,59,5,370.77,3648.57
1341,1421,188,2,113.47,4973.62
1342,832,414,4,916.13,364.37
1343,748,127,3,758.08,2386.05
1344,1984,478,4,151.35,3261.84
1345,885,71,4,668.05,1339.78
1346,1189,172,5,61.96,2168.86
1347,1187,413,3,506.19,4099.3
1348,1090,451,3,852.19,4106.45
1349,1945,480,3,432.09,214.73
1350,1779,448,1,61.92,3393.7
1351,159,100,2,175.89,4403.91
1352,445,180,2,671.46,1909.34
1353,1495,321,2,305.88,1458.4
1354,336,67,1,129.1,2000.3
1355,149,212,4,127.28,3659.57
1356,877,442,4,730.98,889.54
1357,657,297,1,779.77,2963.02
1358,987,211,1,525.23,399.29
1359,1623,66,4,437.59,4797.98
1360,523,379,1,520.17,720.97
1361,39,483,2,387.56,3918.81
1362,1658,58,3,649.92,2877.52
1363,1511,85,5,916.03,3645.56
1364,760,348,5,144.01,2028.79
1365,1341,1,5,687.62,2588.63
1366,1827,330,5,399.5,822.59
1367,1213,209,5,701.4,1310.74
1368,244,333,1,894.75,1456.38
1369,1133,141,3,316.49,1121.95
1370,1868,250,1,24.77,3616.29
1371,1921,196,2,885.07,183.7
1372,1926,233,3,748.71,1114.7
1373,1735,489,2,761.59,945.72
1374,975,407,4,867.69,566.89
1375,1735,469,2,401.57,2453.94
1376,922,4,5,424.25,2154.7
1377,756,367,5,744.56,2300.22
1378,232,314,5,278.16,2937.09
1379,417,123,1,524.69,35.21
1380,525,395,1,750.83,3716.16
1381,1140,59,3,481.36,3913.54
1382,988,46,1,941.27,576.5
1383,1941,398,2,239.28,1426.16
1384,1029,489,5,163.77,2206.33
1385,929,493,5,993.13,3235.77
1386,1498,151,3,21.31,1387.2
1387,1934,168,1,344.31,3778.37
1388,927,59,3,717.07,3951.74
1389,8,437,4,330.9,1122.53
1390,1046,272,1,146.44,4676.56
1391,1421,478,3,298.84,1379.81
1392,737,173,1,352.9,695.15
1393,1886,305,5,748.56,4835.52
1394,1787,483,2,325.54,4589.72
1395,1646,128,2,36.29,1329.86
1396,674,20,5,144.42,458.47
1397,117,388,5,552.58,2401
1398,420,122,3,376.84,704.79
1399,1361,365,1,604.43,4010.22
1400,1779,271,2,361.99,4592.54
1401,1825,254,3,381.05,3392.83
1402,1460,353,2,182.48,770.04
1403,95,94,1,369.78,2843.44
1404,207,232,5,918.97,3044.83
1405,527,136,5,556.75,2321.7
1406,1588,276,3,301.68,2101.1
1407,1101,331,2,487.37,1241.46
1408,983,423,2,289.5,11.2
1409,80,496,2,706.19,2711.61
1410,1451,238,2,941.84,1357.35
1411,149,273,3,126.94,4712.41
1412,1890,304,2,31.93,3348.91
1413,1084,2,3,241.43,414.76
1414,326,455,5,318.85,724.23
1415,1937,97,1,321.94,859.64
1416,258,197,5,981.13,2399.67
1417,230,41,5,301.51,190
1418,921,367,4,972.69,1938.35
1419,1959,281,3,676.06,3760.66
1420,583,126,3,749.83,3659.02
1421,354,310,4,781.84,1022.13
1422,1648,316,3,883.23,4663.41
1423,1181,162,1,916.94,4632.06
1424,703,147,2,172.89,268.33
1425,434,204,3,754.02,1708
1426,570,119,3,968.67,1850.26
1427,1978,41,3,432.94,3588.36
1428,924,392,5,466.81,2871.56
1429,551,418,4,373.72,4867.92
1430,1755,118,5,723.94,1056.24
1431,737,117,1,303.9,4155.74
1432,1092,419,5,669.54,416.87
1433,1547,67,2,94.25,4340.56
1434,540,214,2,215.3,590.26
1435,1917,166,3,698.66,2386.59
1436,1110,270,5,555.54,1121.55
1437,1427,48,5,75.01,3403.92
1438,1864,130,4,36.03,1832.62
1439,1304,230,2,773.16,1487.34
1440,1381,347,1,852.76,2099.88
1441,305,176,5,306.01,2674.88
1442,1930,397,2,813.47,4482.92
1443,1470,198,1,365.96,969.56
1444,196,8,4,330.62,2634.31
1445,734,443,5,231.72,738.86
1446,1605,478,3,429.52,3518.35
1447,234,13,5,315.91,1344.86
1448,910,340,5,146.95,4800.29
1449,544,280,3,885.34,3309.69
1450,1033,131,1,699.7,2929.38
1451,193,162,5,500.28,3828.73
1452,826,255,3,579.77,2860.82
1453,645,479,5,182.07,4446.17
1454,1746,153,4,871.04,478.36
1455,955,248,5,656.11,3767.1
1456,735,427,5,390.3,2735.36
1457,1783,305,4,357.56,2791.23
1458,4,43,4,916.58,85.53
1459,1178,332,4,825.3,2746.47
1460,236,480,2,48.02,4876.89
1461,161,25,1,841.23,1459.9
1462,17,209,3,420.93,3656.81
1463,1478,27,4,424.08,2367.69
1464,659,293,2,352.32,2083.23
1465,1578,36,5,789.06,3305.01
1466,164,272,2,645.57,186.08
1467,1738,440,3,15.24,3164.07
1468,485,476,4,167.89,2345.34
1469,1205,144,5,584.47,3134.99
1470,96,308,2,310.4,3316.86
1471,1187,414,2,634.32,2262.26
1472,876,387,1,623.24,1179.46
1473,594,151,1,290.53,4763.55
1474,1232,441,4,895.99,1196.86
1475,66,131,5,575.44,1937.24
1476,54,480,3,297.65,1153.18
1477,1411,203,3,42.83,4219.38
1478,338,460,3,661.63,2359.45
1479,158,181,1,525.14,3001.3
1480,1006,446,5,973.12,1283.42
1481,244,117,5,518.18,1091.59
1482,1481,125,4,58.18,2128.77
1483,368,226,4,599.73,4195.73
1484,784,12,2,89.33,1065.33
1485,1770,139,4,36.56,4695.98
1486,1251,31,2,168.58,3370.92
1487,597,200,2,347.29,1793.13
1488,527,152,1,370.45,386.14
1489,1711,288,5,865.07,4485.37
1490,689,82,1,982.73,2503.56
1491,1302,9,4,823.92,102.3
1492,861,476,1,251.55,4983.18
1493,1715,309,3,881.31,618.8
1494,1182,133,5,130.94,897.46
1495,1211,306,1,207.27,2109.98
1496,1725,325,2,616.82,796.05
1497,224,155,2,623.76,3448.63
1498,870,102,5,371.41,3611.87
1499,214,129,5,499.06,3413.21
1500,1457,52,5,75.54,4999.05
1501,874,496,3,423.5,4839.3
1502,137,233,5,484.42,3610.12
1503,1070,86,2,74.42,4093.88
1504,127,278,3,760.86,3720.26
1505,1209,361,4,140.37,4257.23
1506,613,442,2,501.37,3127.02
1507,1285,67,3,443.27,521.8
1508,590,385,3,479.71,2745.76
1509,1877,26,2,540.57,3351.53
1510,787,224,5,129.38,204.57
1511,1130,440,4,848.99,3028.08
1512,1211,292,4,343.85,4827
1513,1787,460,3,635.37,3211.55
1514,965,243,4,665.15,2386.21
1515,485,316,1,327.49,3619.28
1516,1164,202,4,647.76,4011.05
1517,1694,23,1,998.39,128.2
1518,1367,411,5,333.12,4722.79
1519,774,144,4,86.18,1505.49
1520,803,431,3,401.3,2730.78
1521,1753,312,4,855.23,3708.15
1522,1297,302,2,965.52,3297.74
1523,1168,300,5,871.35,541.92
1524,403,127,4,104.21,2276.08
1525,1017,360,1,950.93,137.72
1526,147,131,4,669.88,4739.28
1527,1176,191,3,814.66,1624.46
1528,1098,129,5,845.12,2635.47
1529,1998,76,2,574.59,4364.69
1530,1005,147,5,854.76,4077.48
1531,711,329,5,490.36,956.1
1532,1058,115,5,669.36,4765.23
1533,888,56,1,114.87,3947.63
1534,239,29,3,762.05,538.17
1535,1948,150,5,467.54,4601.98
1536,293,36,4,316.52,1251.48
1537,952,14,4,927.5,2314.8
1538,1599,196,3,260.89,1001.28
1539,850,278,3,668.99,4395.49
1540,1777,297,1,750.94,1026.84
1541,1687,482,3,949.66,1772.42
1542,264,379,3,900.78,2810.88
1543,1981,325,1,847.82,1006.16
1544,1102,340,3,565.54,3516.73
1545,155,460,1,993.27,3046.92
1546,1583,216,5,783.72,4609.2
1547,1060,49,4,667.46,1231.47
1548,501,367,3,490.89,4841.77
1549,1355,311,1,636.66,166.64
1550,1526,343,4,25.69,1634.46
1551,791,366,4,297.97,1485.52
1552,809,395,5,854.17,468.17
1553,303,477,5,824.76,2323.78
1554,770,293,4,936.02,4765.56
1555,405,9,1,65.08,4732
1556,685,183,3,181.76,2105.02
1557,1259,124,3,917.89,3498.64
1558,52,298,1,672.16,877.74
1559,1558,236,2,932.42,4670.83
1560,327,440,5,396.84,4422.66
1561,816,21,3,356.43,3675.09
1562,1122,56,4,974.59,39.53
1563,1190,186,3,284.33,4037.21
1564,1625,258,1,679.22,698.8
1565,444,245,5,591.26,4284.43
1566,727,128,3,230.46,4040.73
1567,928,93,5,603.39,2626.49
1568,562,366,1,586.22,4625.75
1569,1014,350,2,632.33,4222.99
1570,1902,238,2,587.89,1022.43
1571,1727,167,1,889.36,4000.05
1572,286,373,3,828.5,1585.41
1573,1285,158,3,975.07,4762.02
1574,607,192,3,196.18,4922.66
1575,1587,436,3,726.66,2058.42
1576,1393,194,4,995.86,1032.22
1577,163,320,5,120.74,1597.18
1578,1601,383,2,450.27,331.8
1579,1195,413,2,769.6,2660.3
1580,1438,459,2,556.14,2818.15
1581,1702,9,1,445.08,4998.74
1582,1263,350,3,252.19,3940.02
1583,1949,150,2,107.85,1423.16
1584,829,284,5,482.77,2440.43
1585,102,486,1,399.03,136.15
1586,1211,433,1,460.58,901.82
1587,1339,297,5,305.39,971.46
1588,428,341,2,301.19,88.67
1589,1603,456,3,441.79,2882.59
1590,1884,418,3,168.6,1144.34
1591,800,20,2,806.01,4189.85
1592,430,292,2,100.14,744.44
1593,1512,153,5,936.23,4511.13
1594,247,413,4,327.84,857.46
1595,467,92,1,619.85,4841.87
1596,897,181,3,473.11,276.52
1597,1776,192,1,391.61,200.01
1598,1570,165,1,667.57,934.46
1599,1581,493,4,908.24,4453.23
1600,1159,364,1,823.87,4229.02
1601,88,68,1,237.25,3708.25
1602,403,31,4,284.52,2142.41
1603,1140,78,2,666.63,2953.41
1604,151,240,4,820.52,1462.79
1605,269,296,1,875.71,1563.34
1606,144,103,1,410.09,3692.45
1607,1968,360,3,761.65,1368.74
1608,761,470,5,970.8,364.76
1609,1548,20,2,519.7,2357.88
1610,1299,408,1,975.75,929.58
1611,1155,450,3,821.09,3898.55
1612,866,27,1,171,3939.71
1613,1807,123,3,677.1,1191.59
1614,1322,413,4,560.55,614.35
1615,350,173,2,425.71,2836.38
1616,1769,74,4,313.23,1569.69
1617,1191,363,4,800.36,1570.82
1618,670,171,5,582.85,3501.62
1619,1724,288,4,724.63,3971.31
1620,1896,400,3,431.52,2720.02
1621,603,254,2,616.2,2348.3
1622,814,245,5,470.9,2230.25
1623,1487,381,3,886.52,4992.34
1624,473,72,3,36.4,811.23
1625,849,81,3,216.09,1175.05
1626,1293,289,1,727.98,788.43
1627,1552,212,3,279.15,74.71
1628,1847,435,2,290.38,3802.9
1629,269,149,4,711.7,3164.13
1630,1039,145,2,970.48,2055.52
1631,1928,475,3,243.49,290.21
1632,1190,347,3,299.88,1161.05
1633,121,131,3,691.04,311.19
1634,1987,61,3,80.98,2088.74
1635,139,202,4,718.58,3251.38
1636,706,248,1,327.87,1513.18
1637,732,8,4,53.16,1670
1638,860,48,4,72.7,1757.84
1639,1915,360,4,712.06,2555.03
1640,588,93,2,975.28,4645.19
1641,495,323,4,691.18,1882.49
1642,245,273,5,276.03,2580.45
1643,918,206,1,380.3,1908.79
1644,1593,307,3,554.95,539.59
1645,1493,446,3,776.58,823.84
1646,835,486,2,937.99,1955.13
1647,976,229,4,579.18,824.23
1648,921,449,3,359.63,2709.37
1649,791,202,2,475.53,3487.13
1650,332,171,2,252.16,4337.93
1651,471,320,3,577.21,905.12
1652,397,70,2,448.66,2528.09
1653,61,300,1,123.73,84.74
1654,1926,466,4,123.61,1675.13
1655,491,58,1,88.23,3407.37
1656,64,180,2,64.93,1458.09
1657,45,330,1,685.01,3029.14
1658,1427,259,2,915.75,3081.48
1659,319,67,5,314.45,4228.89
1660,1152,170,4,639.49,3030.79
1661,904,151,2,587.54,3103.53
1662,435,456,3,476.2,873.15
1663,432,207,3,388.93,2767.22
1664,1597,78,1,746.29,3967.46
1665,739,83,5,189.27,669.29
1666,1559,142,5,857.74,3271.97
1667,830,9,5,808.19,3870.19
1668,1864,484,2,218.72,3632.15
1669,1650,212,3,343.09,118.92
1670,613,141,5,463.95,2688.67
1671,870,189,1,829.62,2138.47
1672,1491,394,2,770.67,2035.01
1673,553,478,4,543.61,2559.68
1674,1697,90,4,883.33,47.87
1675,204,103,2,329.42,2105.29
1676,1421,67,4,712.98,3541.12
1677,35,44,3,199.78,2935.56
1678,954,240,4,118.45,1221.84
1679,1295,99,3,384.42,3981.92
1680,1687,451,3,150.56,4634.05
1681,1610,396,5,771.79,2445.3
1682,940,231,5,747.58,1496.53
1683,1041,498,3,870.31,4722.25
1684,1355,45,4,948.96,571.53
1685,202,109,1,258.69,2479.91
1686,1003,426,2,869.13,3579.98
1687,787,419,1,547.93,643.43
1688,938,460,1,161.01,3908.45
1689,527,344,4,349.56,4712.75
1690,446,335,3,957.38,2449
1691,933,156,5,866.77,3346.18
1692,1305,189,3,663.75,2348.44
1693,1874,234,5,78.05,3073.97
1694,1848,437,2,824.5,1382.38
1695,1426,398,2,784.41,2328.53
1696,1742,224,1,397.74,1725.94
1697,637,41,2,492.11,1739.03
1698,296,175,4,420.41,4792.83
1699,1958,490,1,285.02,1775.79
1700,1730,366,4,376.72,1787.89
1701,618,8,5,371.07,3728.33
1702,1475,127,3,165.75,4173.88
1703,1409,440,3,339.96,1305.11
1704,540,275,3,819.97,3699.85
1705,406,412,1,760.14,2978.6
1706,19,233,3,290.72,2299.01
1707,1644,177,2,730.14,4270.6
1708,1499,37,2,707.12,1297.02
1709,1633,114,1,785.1,2347.8
1710,1261,322,1,477.05,919.58
1711,1624,43,2,366.42,4385.95
1712,1182,97,2,234.18,1756.23
1713,994,383,4,222.37,437.91
1714,957,265,2,243.81,4390.85
1715,1986,499,5,649.01,4251.02
1716,1748,5,5,766.3,1638.33
1717,673,465,1,863.39,4873.82
1718,279,279,5,722.03,3902.61
1719,1669,55,5,245.5,1861.95
1720,1141,335,5,926.43,3866.24
1721,1713,336,2,338.5,4412.5
1722,165,259,2,995.11,4747.74
1723,782,394,1,494.26,2528.96
1724,857,281,2,709.36,3725.97
1725,1727,478,1,725.37,4872.08
1726,217,293,5,192.46,870.67
1727,430,134,1,994.86,2234.85
1728,1444,412,3,731.42,338.28
1729,1991,261,4,129.13,3200.2
1730,1348,169,4,239.56,4228.69
1731,156,59,3,99.05,4038.22
1732,1760,454,1,365.9,2401
1733,454,354,2,894.26,1086.46
1734,529,265,5,74.29,1236.35
1735,1120,363,5,971.38,2036.6
1736,769,396,4,352.51,2726.37
1737,995,433,2,37.01,3584.67
1738,1011,299,5,718.7,2611.42
1739,659,480,3,383.19,2189.6
1740,967,196,3,751.48,205.92
1741,297,466,5,864.14,2230.25
1742,1862,412,1,501.41,2290.79
1743,1589,484,2,409.21,38.52
1744,777,489,2,325.56,3646.82
1745,1051,76,2,837.71,3563
1746,1016,206,4,126.21,387.37
1747,1913,392,4,588.35,2944.17
1748,559,383,1,228.63,787.36
1749,1603,32,3,59.87,2292.93
1750,1025,251,2,643.52,479.89
1751,522,121,2,804.74,4814.32
1752,1479,202,4,206.38,3117.84
1753,110,495,2,414.44,4334.06
1754,618,117,5,505.69,2126.64
1755,1575,459,3,318.46,4541.38
1756,1346,313,5,964.04,3859.29
1757,1112,117,5,82.25,3391.81
1758,509,68,3,263.02,1999.87
1759,1112,397,1,862.05,2418.38
1760,232,95,2,112.75,4296.93
1761,185,187,5,461.15,2357.04
1762,370,404,2,854.5,1327.89
1763,1917,85,1,349.63,2679.66
1764,153,15,2,334.41,2703.48
1765,444,99,4,194.49,1769.25
1766,1647,350,3,660.83,4810.19
1767,1859,297,1,878.94,295.7
1768,1044,61,2,396.47,2837.54
1769,1899,229,5,269.38,4511.95
1770,783,59,4,217.75,4471.51
1771,654,491,4,128.57,2935.67
1772,1032,439,3,401.93,426.91
1773,361,12,2,407.51,3948.19
1774,655,129,1,495.56,1538.36
1775,568,426,4,716.44,4102.31
1776,687,408,5,16.22,4069.41
1777,848,444,2,495.69,1149.34
1778,1525,400,1,986.6,1038.35
1779,1754,29,2,38.47,4047.41
1780,1254,417,2,710.46,3393.76
1781,1912,231,4,111.78,4153.42
1782,1049,15,1,148.18,2472.09
1783,609,189,5,96.93,757.25
1784,239,401,1,913.65,4571.51
1785,1622,86,3,509.38,1139.31
1786,61,257,1,69.32,3749.98
1787,1748,312,3,52.91,4266.95
1788,564,314,4,15.55,1803.17
1789,524,477,5,372.59,852.21
1790,779,302,4,177.3,2927.91
1791,1328,241,4,687.44,1778.99
1792,16,149,2,185.81,3632.17
1793,1500,56,4,708.47,561.15
1794,1768,464,3,916.92,2085.9
1795,1507,28,3,199.59,86.12
1796,1470,117,3,509.17,1775.92
1797,1675,57,5,939.66,4938.88
1798,541,487,5,886.86,659.8
1799,1139,239,3,970.23,1941.69
1800,1262,40,1,515.98,4472.71
1801,964,68,2,100.64,2177.92
1802,504,476,1,777.88,3485.57
1803,200,228,1,758.83,1285.77
1804,322,428,3,144.5,4691.64
1805,2,218,1,897.4,1032.03
1806,1775,382,4,83.61,3808.92
1807,1327,469,3,382.48,4903.58
1808,195,79,4,196.89,307.18
1809,1812,384,2,98.25,3284.65
1810,1147,54,2,921.04,4079.12
1811,1273,173,5,996.36,1362.56
1812,899,360,3,83.88,2795.79
1813,1048,213,2,29.68,476.49
1814,383,33,2,144.17,4106.21
1815,1284,360,5,699.37,4496.78
1816,1981,6,3,319.29,939.35
1817,1880,136,3,614.05,1149.55
1818,875,404,5,158.25,4450.83
1819,815,231,2,970.77,2679.08
1820,1401,227,5,610.06,3463.31
1821,95,427,5,675.95,36.59
1822,693,397,1,232.53,3969.71
1823,1096,442,2,538.97,258.87
1824,817,340,5,418.1,246.57
1825,728,199,2,920.72,870.01
1826,1862,317,2,366.42,1039.53
1827,1241,304,1,991.5,648
1828,1832,119,3,268.76,3263.48
1829,1234,180,4,796.34,3415.55
1830,1946,482,4,603.95,977.71
1831,185,477,4,393,1655.31
1832,442,497,2,228.27,4966.71
1833,1822,20,5,61.72,3077.56
1834,918,249,5,569.42,2305.97
1835,1021,41,3,614.92,4079.27
1836,554,409,3,517.44,3869.54
1837,1178,206,3,61.22,1398.73
1838,1049,244,3,417.31,2419.21
1839,1923,25,5,306.64,1964.62
1840,1399,471,5,73.41,4195.51
1841,1111,204,1,753.26,4219.08
1842,1536,78,4,300.25,4534.59
1843,899,218,3,698.4,2103.76
1844,1139,472,3,844,4900.92
1845,334,70,4,143.06,1008.79
1846,1816,17,5,254.29,3025
1847,1603,206,2,773.29,576.42
1848,709,20,2,830.72,2261.07
1849,518,6,2,154.63,130.28
1850,1850,190,5,672.68,954.26
1851,201,433,1,331.61,341.87
1852,850,277,4,924.45,447.38
1853,216,53,1,645.93,1547.23
1854,1317,48,2,916.16,3343.45
1855,1645,486,2,394.67,2680.17
1856,175,29,4,425.6,2986.56
1857,905,496,1,158.07,3675.74
1858,1643,293,2,127.49,4242.2
1859,1902,296,3,996.23,3473.08
1860,1478,6,2,938.59,1884.42
1861,245,403,4,799.27,1318.77
1862,1720,385,1,388.93,4602.46
1863,807,76,4,100.04,2006.97
1864,595,102,2,473.75,3386.45
1865,73,3,3,903.18,746.92
1866,361,272,3,697.04,2915.01
1867,1779,498,3,687.12,1670.64
1868,164,177,4,853.96,604.15
1869,731,102,2,226.1,2582.44
1870,669,248,4,848.62,2114.05
1871,726,132,2,154.84,1048.77
1872,916,176,1,179.75,2653.61
1873,65,469,5,644.42,536.11
1874,254,82,2,487.53,2872.02
1875,823,86,2,30.16,2270.85
1876,924,28,5,909.39,4969.28
1877,1311,3,1,141.78,2569.21
1878,423,286,3,170.22,1303.31
1879,56,181,1,865.91,3601.73
1880,1259,487,4,499.29,2280.89
1881,1672,135,5,781.24,2319.38
1882,225,100,2,89.7,230.97
1883,523,47,2,151.39,393.42
1884,64,348,5,317.81,2929.88
1885,945,127,2,407.73,1667.45
1886,859,195,5,922.29,4804.26
1887,1091,22,4,740.63,1925.41
1888,805,263,4,721.22,417.56
1889,1642,408,4,606.59,720.42
1890,778,115,3,914.61,4509.69
1891,1884,40,5,416.09,1319.93
1892,1035,439,3,715.59,723.93
1893,1985,240,3,216.91,2837.47
1894,1396,142,1,505.25,2246.19
1895,960,22,2,436.05,3139.26
1896,12,109,5,152.62,1636.03
1897,253,30,1,625.29,1017.24
1898,425,89,4,914.65,2942.14
1899,1226,52,4,139.06,2949.15
1900,1216,277,1,881.8,3986.73
1901,721,252,2,380.66,3356.01
1902,223,304,4,878.19,1794.49
1903,1197,300,4,412.44,4414.45
1904,1394,494,4,421.62,4315.44
1905,993,277,2,655.61,3724.67
1906,1877,260,2,950.79,2745.84
1907,651,483,4,62.16,4560.94
1908,614,267,2,112.99,1508.89
1909,1065,394,1,610.71,3686.59
1910,549,339,2,620.66,3632.93
1911,1463,363,5,618.13,4204.52
1912,243,370,1,895.86,2318.17
1913,87,110,4,131.35,2595.15
1914,1844,229,4,776.45,578.97
1915,1454,228,3,612.1,4830.94
1916,287,148,2,894.64,2851.44
1917,1227,345,1,121.4,1271.21
1918,20,421,4,868.31,1260.2
1919,1924,390,1,10.71,3058.45
1920,1447,321,4,280.27,3546.55
1921,610,475,4,850.89,2795.07
1922,454,153,2,205.27,4183.39
1923,1809,88,1,694.18,1576.8
1924,1619,140,4,225.42,4672.19
1925,647,430,5,277.52,2853.79
1926,1827,70,3,150.45,1937.85
1927,718,346,2,71.09,2170.39
1928,1130,248,3,676.56,4650.25
1929,1944,463,4,171.49,1527
1930,1886,449,5,49.64,110.22
1931,1773,42,4,560.78,2070.05
1932,883,463,5,62.35,261.38
1933,753,262,3,377.66,1431.97
1934,884,167,1,647.9,2755.17
1935,136,451,3,296.8,3228.62
1936,1416,84,3,913.31,1824.29
1937,405,442,5,946.2,1847.1
1938,1963,7,1,741.69,1268.05
1939,1977,454,1,45.48,4985.35
1940,767,132,1,227.54,1204.59
1941,1018,496,4,74.53,3637.04
1942,1563,119,4,371.19,2185.22
1943,1274,282,3,761.34,2093.49
1944,1782,82,3,507.64,3743.76
1945,1762,137,3,798.49,1196.32
1946,1503,64,4,708.74,1417.46
1947,1264,474,4,434.29,1376.11
1948,1779,143,1,849.91,2188.77
1949,664,411,2,529.49,291.8
1950,341,453,5,742.32,915.55
1951,776,360,2,532.79,1910.01
1952,1922,92,2,236.54,2662.81
1953,996,264,2,922.83,3930.51
1954,1246,373,4,660.29,1368.27
1955,1002,445,4,882.88,4170.17
1956,215,311,3,785.81,1915.16
1957,44,253,4,621.11,4350.19
1958,306,75,4,327.78,2643.35
1959,1472,139,5,812.77,4809.98
1960,1612,126,4,587.55,2028.48
1961,950,301,1,911.83,4997.44
1962,597,204,3,626.25,2152.05
1963,1656,497,5,334.94,3997.89
1964,1319,485,3,965.76,1157.91
1965,1827,411,5,697.63,1263.64
1966,634,280,3,879.45,4771.15
1967,193,66,4,618.11,4180.93
1968,1878,158,1,295.66,3340.45
1969,1313,64,5,876.87,1934.38
1970,247,72,1,829.62,4271.19
1971,46,205,5,689,4165.17
1972,1445,74,4,997.92,4406.33
1973,1118,408,2,575.7,4484.45
1974,392,48,5,368.16,1744.2
1975,1145,296,4,634.9,843.95
1976,1557,43,2,787.07,2602.83
1977,217,278,2,241.51,404.54
1978,1010,482,5,348.21,4460.33
1979,1485,457,1,200.09,2005.65
1980,170,42,2,371.37,1627.01
1981,1734,21,5,817.87,4933.98
1982,1883,220,1,494.61,1960.13
1983,1388,129,2,627.75,1225.08
1984,453,243,4,928.63,3281.24
1985,983,290,2,757.53,1383.25
1986,884,163,5,557.7,4545.76
1987,560,272,5,123.45,2676
1988,547,102,1,212.2,4854.74
1989,1561,358,1,421.3,3271.25
1990,1602,84,3,282.95,591.46
1991,497,418,2,470.94,1088.71
1992,911,83,2,200.32,4745.8
1993,964,420,3,719.38,472.81
1994,1196,293,4,110.76,3704.47
1995,261,386,2,433.62,4634.5
1996,1220,251,4,351.66,1802.08
1997,38,264,4,699.21,127.86
1998,614,488,1,860.62,3327.49
1999,1501,396,3,898.77,1876.9
2000,1976,449,1,101.46,768.56
2001,45,73,4,452.78,2822.31
2002,1224,387,4,310.63,899.6
2003,763,361,2,50.01,4599.51
2004,1553,263,3,955.75,60.09
2005,1007,278,5,266.11,3204.23
2006,1249,106,3,985.88,3059.72
2007,1659,254,5,782.31,4701.76
2008,349,259,3,28.02,3374.68
2009,1092,464,3,381.01,3278.16
2010,469,147,2,337.91,4611.05
2011,1240,407,5,465.63,3046.53
2012,1863,169,4,973.08,391.23
2013,1322,185,3,11.32,615.72
2014,555,267,2,730.39,1073.39
2015,1835,259,2,356.14,736.61
2016,819,460,5,919.1,2053.24
2017,1212,432,5,391.15,1426.65
2018,1753,407,1,203.5,84.52
2019,116,229,2,255.73,144.81
2020,1163,72,3,573.34,1838.84
2021,1226,341,2,617.78,190.88
2022,1288,160,4,124.84,4776.63
2023,754,242,2,244.13,4466.48
2024,1615,475,5,795.67,2385.48
2025,1372,424,5,362.39,2831.66
2026,1115,294,2,97.88,3569.29
2027,198,328,5,46.57,4186.92
2028,1103,121,5,14.14,279.18
2029,1147,221,3,413.59,3007.51
2030,729,128,5,145.99,1189.04
2031,122,443,4,542.89,2074.32
2032,1481,297,3,842.59,2167.89
2033,1333,69,4,152.58,2894.87
2034,1894,133,2,247.48,2818.27
2035,1397,11,2,310.01,3851.05
2036,240,290,5,131.61,581.6
2037,645,267,5,491.81,4786.8
2038,760,225,4,320.35,319.89
2039,200,133,5,223.03,3978.48
2040,1361,458,3,887.52,38.97
2041,302,135,1,779.26,4476.45
2042,1451,260,3,400.24,1197.46
2043,439,373,3,282.57,547.84
2044,1524,324,4,74.26,1058.91
2045,1784,193,1,706.75,1325.34
2046,1988,100,3,461.89,976.98
2047,242,146,3,46.41,2514.93
2048,1324,461,3,360.74,166.05
2049,1433,179,3,108.79,2039.08
2050,246,126,2,459.81,2926.18
2051,559,10,4,477.71,3115.76
2052,315,282,4,178.45,3945.43
2053,1260,485,4,342.78,3942.27
2054,269,65,3,776.59,437.41
2055,783,174,1,816.09,1999.84
2056,351,117,4,25.5,899.94
2057,1952,26,3,753.64,1126.65
2058,930,344,1,707.2,1216.25
2059,377,30,3,813.1,1967.24
2060,1536,121,1,372.3,1542.74
2061,680,443,4,765.92,4181.69
2062,675,332,3,318.15,2362.56
2063,348,496,2,608.06,4229.33
2064,430,34,1,676.28,3992.67
2065,477,313,5,918.68,2555.83
2066,1282,305,4,595.83,4643.53
2067,1211,48,3,921.46,2481.7
2068,1963,60,4,330.36,2634.37
2069,1077,121,3,283.77,117.74
2070,243,320,1,236.49,880
2071,1707,330,1,108.71,3289.18
2072,28,332,4,802.34,3318.49
2073,1247,133,1,975.09,1460.82
2074,1287,411,2,479.21,1604.75
2075,1595,258,4,855.31,2195.68
2076,64,23,4,572.82,3712.64
2077,567,257,5,658.35,551.01
2078,1954,442,2,369.42,4306.49
2079,354,330,1,991.28,2004.16
2080,510,426,3,783.34,2245.21
2081,1526,172,1,564.23,3364.82
2082,968,35,2,534.52,62.01
2083,1073,380,4,623.11,196.46
2084,443,295,4,567.69,3834.26
2085,921,404,3,623.55,1159.37
2086,1482,203,4,169.01,1511
2087,724,271,5,268.97,3781.39
2088,1050,459,1,287.31,34.22
2089,449,7,5,683.52,560.3
2090,759,153,1,208.31,598.98
2091,716,5,5,765.31,3293.47
2092,1161,313,1,153.48,4553.28
2093,1617,357,1,96.39,3934.73
2094,731,406,3,300.67,948.77
2095,1304,258,1,641.6,1867.33
2096,1733,453,5,184.01,888.2
2097,24,27,1,173.73,4719.8
2098,1174,74,4,697.72,2684.83
2099,1433,371,4,805.06,462.17
2100,25,422,2,173.7,4496.02
2101,185,232,4,579.88,1904.37
2102,917,344,3,743.68,2287.06
2103,1436,225,4,365.55,1746.23
2104,1329,74,5,842.83,1463.36
2105,167,493,1,919.8,93.75
2106,557,243,4,98.15,2448.85
2107,1680,406,1,811.93,2520.45
2108,1588,25,5,497.75,1931.82
2109,800,188,4,451.15,3848.91
2110,1552,478,3,504.7,2564.3
2111,1559,197,3,36.06,4300.87
2112,313,444,2,713.56,4243.74
2113,389,448,5,893.67,2974.42
2114,1933,75,5,422.52,2782.3
2115,1171,445,4,459.63,3079.22
2116,534,373,2,338.09,4141.22
2117,1447,305,1,979.45,2808.8
2118,800,388,3,429.69,3919.92
2119,1110,312,2,158.6,2760.53
2120,379,191,1,284.74,3625.97
2121,14,17,3,886.78,2563.66
2122,1863,412,3,875.02,4385.1
2123,1995,64,2,494.9,1125.06
2124,1178,468,5,471.59,105.09
2125,13,93,1,497.53,2049.76
2126,1985,448,5,967.65,424.74
2127,1542,463,4,245.66,1251.17
2128,527,186,1,178.54,960.05
2129,1055,79,2,756.78,4848.64
2130,96,200,5,746.48,1795.58
2131,1027,293,3,507.69,816.4
2132,1578,336,1,630.98,2075.6
2133,1512,292,4,37.74,2891.74
2134,1938,276,2,467.82,2398.96
2135,1774,258,5,435.56,197.95
2136,1537,317,4,420.8,1702.83
2137,1002,3,3,546.7,4742.07
2138,1382,88,1,873.15,751.16
2139,504,78,3,84.66,2375.01
2140,293,119,3,814.79,4301.26
2141,328,284,2,105.93,3332.77
2142,310,103,4,653.34,4386
2143,671,211,3,320.76,2207.11
2144,432,184,5,473.2,2858.01
2145,1639,70,1,757.08,3752.14
2146,276,443,2,974.17,2478.8
2147,1776,165,4,191.42,4742.02
2148,1395,354,2,867.99,2002.74
2149,1562,312,3,403.07,2259.09
2150,1433,271,5,160.42,657.06
2151,1842,470,1,740.91,1099.97
2152,1964,40,4,130.92,4172
2153,422,184,3,289.56,3091.63
2154,1807,361,4,763.79,758.86
2155,412,157,5,129.57,3390.09
2156,1326,31,1,499.3,3694.8
2157,1009,375,1,412.46,275.91
2158,909,18,4,787.09,4330.87
2159,1393,202,4,876.14,4685.48
2160,1241,480,1,795.66,3347.28
2161,1619,119,2,339.79,1193.05
2162,1837,412,3,497.85,2657.28
2163,1910,463,1,146.43,407.63
2164,324,272,1,388.76,781.87
2165,932,385,4,964.41,4696.74
2166,1289,23,3,175.27,1082.53
2167,1343,89,3,436.63,4359.38
2168,1125,483,2,577.26,4148.72
2169,1791,340,3,367.26,3437.49
2170,834,199,4,276.51,2679.89
2171,626,479,2,773.7,1972.61
2172,292,203,3,280.54,4970.16
2173,474,454,5,70.33,3949.82
2174,725,1,1,950.12,122.33
2175,69,488,5,797.65,435.12
2176,1630,126,1,523.96,3388.37
2177,1290,299,1,401.43,3959.48
2178,1333,305,4,154.51,2391.54
2179,316,407,2,942.53,537.34
2180,424,423,1,981.37,1407.98
2181,784,499,4,440.51,3073.58
2182,339,119,1,667.23,885.46
2183,994,357,4,478.78,11.89
2184,1134,425,5,274.24,350.6
2185,44,326,1,840.36,3076.66
2186,807,277,1,667.84,4285.78
2187,148,355,5,661.15,4779.35
2188,511,119,2,814.13,4054.48
2189,1070,35,2,461.78,1999.31
2190,1384,282,4,872.54,3725.75
2191,772,261,1,315.07,3186.64
2192,547,169,4,931.37,4009.49
2193,1456,425,4,701.01,2884.38
2194,1095,14,4,924.76,4093.25
2195,1338,107,3,793.98,2892.03
2196,86,185,4,516.38,380.89
2197,55,277,2,873.75,2173.15
2198,613,406,1,967.01,2413.45
2199,1924,364,1,721.97,3877.3
2200,1851,170,1,502.22,3362.01
2201,1491,41,4,358.82,42.49
2202,794,295,4,247.98,3153.37
2203,1784,119,3,434.97,4020.02
2204,168,438,5,929.54,2694.99
2205,779,426,1,105.12,1415.11
2206,1247,218,4,726.01,3396.13
2207,433,27,1,212.4,4493.06
2208,1086,243,3,718.2,4967.18
2209,718,356,4,376.21,1643.87
2210,1477,429,2,128.52,1041.99
2211,325,295,4,792.31,1847.76
2212,1103,119,3,768.29,3202.28
2213,760,175,3,969.8,957.76
2214,136,54,4,365.2,3116.58
2215,1606,115,1,433,2473.9
2216,200,76,4,515.68,3268.98
2217,1248,135,3,970.12,3404.28
2218,152,436,5,330.52,2335.04
2219,1816,368,4,324.24,1732.04
2220,1619,461,2,406.4,4869.33
2221,1439,137,3,979.64,4788.17
2222,1105,190,3,591.48,3704.3
2223,239,370,4,359.75,4633.58
2224,865,218,2,334.67,1548.78
2225,1600,71,2,696.36,1075.55
2226,1299,468,5,861.68,2475.72
2227,1022,149,4,592.95,3282.29
2228,754,255,3,206.74,3541.83
2229,1895,98,5,612.43,3617.43
2230,1684,205,1,649.77,3637.08
2231,1709,319,2,668.72,4621.11
2232,762,64,4,55.5,3798.74
2233,1434,427,5,348.57,2070.74
2234,258,372,4,152.82,3951.61
2235,1454,14,2,869.2,4473.36
2236,1005,188,5,789.04,2899.97
2237,43,452,2,921.11,1980.23
2238,1499,302,5,569.52,99.4
2239,1845,326,5,562.31,3788.56
2240,1828,21,5,435.13,3518.44
2241,692,210,1,939.64,2837.76
2242,336,369,5,195.76,3815.36
2243,1342,347,5,657.99,4369.32
2244,1609,289,3,314.24,4179.25
2245,1382,168,2,856.39,4105.09
2246,867,362,4,441.24,478.84
2247,922,484,4,996.11,2539.09
2248,1693,331,1,822.21,4397.16
2249,440,286,3,197.36,2079.99
2250,1242,389,1,198.33,1121.32
2251,452,11,1,31.27,2595.97
2252,885,84,4,311.25,4609.94
2253,442,179,1,232.07,2955.06
2254,1926,29,1,827,610.79
2255,1416,224,5,133.09,855.19
2256,1658,105,3,395.62,4537.19
2257,1647,185,4,557.16,3085
2258,788,26,3,168.03,2677.89
2259,68,153,4,582.26,2742.43
2260,1703,122,2,689.78,4425.78
2261,465,447,3,831.28,4718.91
2262,881,444,5,723.02,2040.41
2263,1903,76,4,721.89,4326.34
2264,925,228,1,334,942.23
2265,1526,71,1,30.84,738.21
2266,1674,99,4,272.27,2036.53
2267,1547,376,2,615.24,4551.73
2268,1604,482,3,274.63,1332.08
2269,310,13,5,41.08,860.28
2270,562,281,4,546.19,2034.12
2271,306,157,5,513.33,794.85
2272,605,468,5,455.51,1632.76
2273,810,499,2,542.15,468.96
2274,420,48,5,535.34,1051.16
2275,1964,469,5,432.11,195.08
2276,1956,234,4,923.06,2206.82
2277,530,117,2,485.71,1784.59
2278,572,55,2,824.87,823.5
2279,959,14,1,132.07,82
2280,1685,62,5,500.58,3523.94
2281,608,129,1,299.91,2309.28
2282,28,483,5,833.39,4790.57
2283,573,355,5,103.56,3181.31
2284,789,193,4,521.29,4006.84
2285,643,156,1,540.35,4269.03
2286,1610,207,5,81.25,4484.18
2287,171,278,3,658.38,2375.93
2288,1226,467,3,735.08,4439.16
2289,580,230,3,598.99,4506.9
2290,451,133,3,495.85,2336.28
2291,819,447,5,891.92,1324.56
2292,1235,473,1,556.05,2679.7
2293,491,324,2,469.69,2672.02
2294,48,301,4,638,1441.01
2295,742,467,5,423.78,4737.24
2296,1922,38,3,173.21,1076.58
2297,1634,383,5,269.16,1027.78
2298,884,189,2,867.14,1907.16
2299,1757,307,3,506.83,3690.46
2300,1427,348,5,922.1,2564.17
2301,1824,93,4,666.23,243.45
2302,941,271,2,52.83,4860.56
2303,1036,412,3,66.49,2575.76
2304,1005,261,1,528.39,2890.83
2305,320,122,4,794.09,2488.48
2306,181,231,2,646.29,3512.16
2307,648,372,5,720.22,2703.23
2308,1881,88,3,256.76,2474.13
2309,1863,393,1,211.46,2389.16
2310,1609,232,4,846.89,3492.55
2311,1363,15,1,647.91,2089.38
2312,1259,16,4,161.7,713.41
2313,1126,320,3,869.46,4138.13
2314,466,259,4,496.34,1466.28
2315,1235,167,5,535.76,4543.71
2316,1189,12,4,634.79,291.22
2317,846,407,4,626.29,3201.72
2318,471,298,1,522.33,3797.46
2319,817,144,2,84.27,4796.61
2320,178,280,5,166.27,953.8
2321,81,139,4,242.5,1178.27
2322,37,89,5,171.55,1466.74
2323,1714,441,5,50.95,4812.37
2324,148,209,2,547.14,723.65
2325,593,334,4,812.29,1008.73
2326,975,189,1,701.22,364.99
2327,1665,11,5,213.39,2626.73
2328,1625,43,3,773.25,242.04
2329,1162,133,3,582.32,99.53
2330,304,4,3,600.39,2610.66
2331,1514,237,5,954.85,435.43
2332,1734,240,4,863.38,199.95
2333,165,432,2,980.83,2135.59
2334,454,488,2,508.44,1402.02
2335,1438,110,3,972.81,689.39
2336,73,109,1,789.42,3784.66
2337,261,436,1,972.6,3236.25
2338,351,214,1,150.94,3909.04
2339,1415,350,5,202.91,1883.8
2340,1144,336,3,93.78,1790.75
2341,980,387,1,598.5,2061.99
2342,1348,139,3,263.82,3115.22
2343,1292,494,5,634.81,1517.13
2344,748,438,3,692.22,3975.78
2345,1530,193,5,197.8,2546.85
2346,172,97,1,433.41,2393.69
2347,915,47,4,314.02,442.87
2348,1203,450,5,772.84,4414.83
2349,1495,172,3,945.83,3691.64
2350,1463,154,3,948.55,1033.19
2351,1262,289,2,343.2,4418.29
2352,230,105,2,696.05,1396.21
2353,842,498,1,747.71,2029.99
2354,119,323,3,317.32,2001.73
2355,342,438,5,895.79,469.84
2356,127,499,3,918.4,1324.46
2357,742,12,4,32.69,686.55
2358,877,197,2,57.34,3773.27
2359,1058,11,5,959.89,604.19
2360,580,430,4,336.94,3082.21
2361,1024,63,1,35.93,511.11
2362,493,251,1,871.64,2609.03
2363,1887,273,1,947.22,3122.09
2364,221,414,4,252.75,4623.1
2365,508,97,5,495.83,4215.65
2366,1242,62,3,148.57,3280.47
2367,1201,108,1,973.1,2704.97
2368,1009,228,5,787.55,2456.75
2369,1284,412,2,53.13,3644.59
2370,194,404,2,978.99,4306.66
2371,1934,72,5,746.05,4527.48
2372,1659,387,3,877.71,629.96
2373,141,137,5,196.26,1917.02
2374,12,276,3,761.43,4938.92
2375,1333,257,4,160.14,351.63
2376,182,34,4,884.07,3300.07
2377,1067,35,3,93.64,2146.44
2378,904,227,4,115.36,2189.71
2379,1397,484,2,52.95,3514.65
2380,379,265,3,98.31,1232.02
2381,1415,212,2,719.8,2534.4
2382,1918,463,3,142.39,1215.66
2383,1074,409,3,583.69,4555.29
2384,1971,198,5,653,2103.13
2385,492,8,5,80.88,4807.96
2386,1559,63,3,533.65,3785.81
2387,595,413,2,571.7,3787.17
2388,1812,344,4,508.06,4179.91
2389,1276,83,2,859.85,4843.66
2390,638,320,3,406.87,609.1
2391,349,353,1,417.06,264.68
2392,1022,59,4,879.55,2065.18
2393,957,182,5,285.52,4776
2394,1029,224,5,963.31,2389.78
2395,960,121,2,607.74,1924.15
2396,967,220,3,636.2,3969.94
2397,1898,88,1,37.53,2580.57
2398,773,414,3,380.24,1127.22
2399,868,492,2,134.73,270.32
2400,1758,201,4,309.93,3015.23
2401,775,240,1,504.97,3697.73
2402,1007,131,4,109.92,3598.13
2403,1198,425,3,187.09,3524.54
2404,417,327,2,129.05,4397.66
2405,1358,421,2,366.43,947.84
2406,1598,52,4,272.71,2922.04
2407,1930,354,1,268.27,381.27
2408,898,63,3,358.07,1031.8
2409,584,193,5,114.88,3665.38
2410,994,476,2,141.96,1348.37
2411,177,98,4,187.76,691.99
2412,305,228,4,659.42,3340.41
2413,316,115,3,451.04,3925.4
2414,1035,252,2,844.43,1821.11
2415,1869,349,4,696.51,3196.97
2416,907,313,4,38.58,3956.28
2417,669,403,4,685.72,1902.01
2418,261,452,3,534.23,4281.46
2419,1288,360,1,996.05,640.06
2420,1171,288,2,644.43,4181.33
2421,1401,180,1,578.1,3204.85
2422,418,96,4,634.45,3105.5
2423,1833,418,2,748.95,1618.13
2424,210,474,5,816.95,2887.99
2425,7,50,5,708.57,4659.17
2426,1880,392,2,678.73,4673.52
2427,1936,447,2,583.28,847.99
2428,110,104,2,154.54,316.27
2429,1308,73,2,608.76,627.75
2430,660,256,5,996.66,4371.8
2431,661,266,3,148.16,1816.06
2432,1234,179,4,283.8,888.28
2433,1837,357,2,143.95,4253.61
2434,750,343,5,691.56,1109.61
2435,828,397,5,911.07,262.98
2436,441,272,1,466.93,3183.45
2437,719,187,4,354.55,2924.82
2438,1523,303,2,441.19,3883.83
2439,1083,83,5,941.76,3012.58
2440,1332,65,5,420.85,4312.59
2441,1902,72,5,893.39,4976.01
2442,1750,187,5,902.34,3284.2
2443,1741,263,4,276.68,4239.14
2444,31,197,2,665.29,1360.33
2445,1873,388,2,460.49,2525.2
2446,397,196,3,778.2,1861.99
2447,1147,39,2,621.28,2974.52
2448,1218,393,2,107.94,689.71
2449,320,25,3,597.96,313.73
2450,657,342,5,512.07,2387.71
2451,1625,55,2,594.8,1224.95
2452,1482,221,5,487.78,2732.81
2453,266,315,2,711.22,1191.51
2454,1012,409,4,692.45,4624.99
2455,161,328,5,769.14,1344.47
2456,571,451,2,834.21,4223.34
2457,1389,399,5,687.18,4830.7
2458,1466,315,2,271.01,121.86
2459,1310,79,5,192.79,2376.07
2460,1903,66,5,303.13,2611.27
2461,476,299,5,540.65,3518.31
2462,364,438,5,933.12,2039.04
2463,626,171,2,834.92,23.52
2464,643,240,3,946.66,2198.21
2465,1474,65,2,165.82,936.18
2466,1877,344,1,530.34,3915.42
2467,959,134,3,526.22,3065.58
2468,1928,171,2,943.03,2745.27
2469,956,435,4,514.32,1025.77
2470,1072,455,1,576.08,4573.66
2471,1117,54,1,956.69,913.22
2472,1037,18,2,759.52,1945.75
2473,1716,321,3,154.24,140.44
2474,1267,399,3,126.53,1293.65
2475,705,145,3,846.04,214.28
2476,1158,192,2,310.76,2871.45
2477,1642,65,1,676.61,3496.07
2478,1349,464,4,142.61,3642.39
2479,221,108,2,220.15,286.65
2480,328,106,4,168.74,751.57
2481,494,148,1,792.51,4089.55
2482,45,203,5,202.5,2229.79
2483,1168,185,4,610.77,3365.53
2484,1716,308,5,423.21,1470.09
2485,1288,243,3,588.23,2421.79
2486,488,218,2,592.53,475.77
2487,1214,313,4,112.18,1020.89
2488,1807,325,2,30.14,3958.24
2489,896,439,4,712.52,359.87
2490,1814,16,4,486.14,1546.42
2491,1300,113,3,510.37,2592.59
2492,1218,112,4,712.07,2680.31
2493,195,32,3,901.42,3959.1
2494,1385,385,5,992.53,4789.78
2495,1059,156,2,940.83,2028.16
2496,1204,466,1,992.8,4396.03
2497,1507,35,3,979.1,106.73
2498,379,307,2,544.31,1155.01
2499,361,75,3,716.12,2406.09
2500,1511,402,1,461.28,2752.74
2501,583,222,1,694.63,3377.28
2502,1197,179,1,586.87,2025.39
2503,227,160,3,28.19,4688.87
2504,1479,495,1,729.36,1583.76
2505,1732,335,5,440.77,979.13
2506,555,191,1,826.4,1007.64
2507,1835,136,3,268.77,1931.08
2508,1679,339,2,633.29,3329.13
2509,1505,97,1,350.5,2287.59
2510,173,78,1,186.36,1119.25
2511,1862,349,1,66.92,2101.22
2512,188,53,4,421.23,3835.16
2513,1818,143,1,158.27,280.48
2514,1988,460,5,209.59,2374.88
2515,664,154,4,907.81,4506.52
2516,1674,82,4,707.5,3835.27
2517,831,433,4,213.93,4462.45
2518,1671,26,5,551.58,764.62
2519,1515,215,4,885.14,4118.7
2520,1097,280,4,614.45,940.91
2521,570,92,3,543.65,3775.23
2522,1190,274,2,989.09,1919.97
2523,1498,390,2,706.25,3101.22
2524,877,384,1,760.02,3939.75
2525,966,104,3,484.02,2081.16
2526,1416,440,5,318.79,1494.19
2527,1769,416,4,771.51,538.31
2528,457,346,4,755.34,1823.57
2529,501,109,5,576.38,4214.65
2530,812,174,2,628.42,1477.33
2531,1511,375,5,617.28,3659.64
2532,1007,201,3,724.19,4281.27
2533,823,327,1,827.66,489.45
2534,1421,160,2,767.35,1795.53
2535,1375,409,1,642.79,3031.1
2536,145,309,3,828.55,2041.85
2537,501,491,1,765.2,139.21
2538,1395,425,4,822.64,1627.93
2539,1687,272,2,783.39,2793.48
2540,1414,105,2,86.74,4623.68
2541,509,315,4,565.75,1301.45
2542,729,457,4,834.41,4594.15
2543,1852,90,2,801.52,2440.86
2544,103,163,5,240.04,75.72
2545,1561,287,5,353.47,4657.36
2546,154,376,3,542.78,4809.85
2547,1607,424,4,914.87,2793.47
2548,1094,356,2,489.03,3555.81
2549,201,330,1,198.11,3790.64
2550,690,96,5,314.08,2728.54
2551,1503,429,5,818.91,421.29
2552,1080,305,3,506.26,3278.51
2553,290,348,5,397.3,2983.05
2554,1468,278,2,430.35,567.14
2555,456,311,1,71.4,4594.71
2556,331,463,1,511.01,4255.61
2557,912,296,4,432.35,924.17
2558,1353,375,5,311.06,1204.61
2559,154,379,3,731.17,3670.45
2560,1708,376,1,718.15,173.28
2561,1719,411,3,931.3,3653.18
2562,299,393,2,125.71,350.24
2563,124,160,4,959.17,494.07
2564,1013,173,4,851.4,3814.66
2565,838,315,4,92.55,3353.89
2566,233,91,1,127.33,3852.66
2567,577,55,4,154.22,2123.79
2568,74,331,4,728.68,4220.79
2569,1499,74,1,365.36,4711.04
2570,649,10,1,645.17,382.91
2571,400,27,5,119.53,1620.48
2572,1642,139,1,273.25,605.69
2573,799,93,5,987.79,183.98
2574,393,38,2,584.47,1644.76
2575,919,113,1,676.08,1707.93
2576,239,56,3,821.49,2777.59
2577,1526,262,2,79.79,1712.22
2578,1732,136,4,516.25,1815.18
2579,465,212,5,620.64,4947.16
2580,1858,163,1,36.15,3642.2
2581,788,101,5,162.04,62.83
2582,1158,372,2,882.47,1350.83
2583,1425,252,1,102.61,2023.99
2584,1792,286,5,684.07,1121.42
2585,658,325,1,66.01,3576.6
2586,27,301,2,129.03,4876.79
2587,159,390,5,265.2,2353.18
2588,1781,298,4,415.03,974.41
2589,1308,273,2,68.35,4916.44
2590,802,407,4,936.18,3297.05
2591,1394,6,1,540.51,1559.21
2592,934,14,1,178.9,1639.07
2593,1876,367,4,402.55,1214.11
2594,1559,61,5,643.92,2824.48
2595,611,166,5,705.85,2653.8
2596,801,194,2,185.42,1301.96
2597,1358,153,4,853.71,4573.37
2598,1265,228,2,248.41,3274.41
2599,215,186,5,684.45,3628.8
2600,253,361,5,909.71,2940.68
2601,1807,432,5,242.74,3565.14
2602,1489,101,3,287.2,2902.29
2603,915,445,1,679.84,2312.58
2604,1980,446,5,895.7,3840.3
2605,1872,450,3,176.95,1261.71
2606,1712,359,1,442.29,3535.75
2607,1524,298,5,179.41,944.4
2608,1985,188,1,121.4,4405.17
2609,1590,151,2,721.02,2128.85
2610,1941,117,4,357.29,1812.19
2611,656,481,4,482.18,2143.05
2612,1792,393,1,739.31,1538.91
2613,1221,422,4,689.42,4245.45
2614,1198,260,2,648.87,4910.37
2615,477,31,4,501.21,3035.51
2616,1655,201,1,785.01,3030.36
2617,127,381,2,367.19,3488.85
2618,1791,475,5,792.57,3668.76
2619,761,143,5,231.5,2767.73
2620,109,86,1,743.58,719.18
2621,112,250,1,315.06,3831.38
2622,782,471,5,381.52,3298.29
2623,302,265,4,493.22,1771.93
2624,456,240,3,252.04,2560.17
2625,344,20,5,811.89,2827.32
2626,584,270,4,973.52,2495.58
2627,232,154,2,983.93,1207.3
2628,730,135,3,230.49,3573.69
2629,868,146,5,475.7,1932.89
2630,139,204,1,285.66,4219.14
2631,1460,375,2,314.67,4781.49
2632,725,183,2,201.28,2197.87
2633,1960,131,3,235.94,3643.49
2634,994,153,5,757.04,4478.65
2635,132,460,3,56.36,1797.77
2636,1196,457,1,443.27,780.64
2637,450,380,5,532.41,1204.42
2638,181,186,2,476.06,4441.73
2639,42,159,4,389.74,3187.41
2640,1319,343,1,511.4,28.38
2641,417,123,2,373.82,2921.52
2642,464,209,3,487.75,2616.52
2643,1115,275,2,249.86,1060.48
2644,1663,109,3,485.42,1197.49
2645,699,108,4,881.24,3025.84
2646,1978,191,1,156.76,4261.79
2647,1236,499,1,805.99,2751.5
2648,456,180,4,568.74,4117.07
2649,557,19,1,415.35,3311.83
2650,1923,332,2,749.46,762.31
2651,1371,297,3,738.35,3777.89
2652,201,397,1,925.81,1295.47
2653,388,493,5,22.54,4957.04
2654,1954,86,2,44.4,171.11
2655,1895,105,2,908.17,2192.31
2656,1593,73,3,434.79,3232.86
2657,1430,121,2,166.4,75.61
2658,974,392,2,603.4,4940.06
2659,660,488,1,27.44,1828.91
2660,108,316,4,187.87,931.01
2661,1099,364,1,965.68,3496.02
2662,1583,418,4,588.5,4706.41
2663,755,216,5,818.34,960.07
2664,813,85,1,129.37,3989.59
2665,174,356,2,770.6,3854.16
2666,469,450,5,805.13,3508.74
2667,1492,79,4,993.93,3417.79
2668,665,126,4,647.62,165.01
2669,900,152,5,542.5,4064.69
2670,509,292,1,863.59,16.68
2671,505,458,1,84,2864.13
2672,473,235,3,460.73,351.77
2673,352,460,1,739.2,780.17
2674,1475,384,1,76.76,3705.56
2675,285,227,4,290.9,4665.97
2676,1944,329,1,618.82,1069.41
2677,328,340,3,699.49,1298.14
2678,410,129,3,557.86,1525.92
2679,525,335,1,996.68,4322.17
2680,712,481,5,649.48,4516.01
2681,1778,430,3,683.21,4508.85
2682,1404,237,3,961.72,3120.52
2683,902,326,1,422.69,2931.41
2684,1819,230,1,394.63,3553.71
2685,791,53,1,111.52,3477.84
2686,1547,459,1,401.63,3817.75
2687,258,361,1,49.61,239.59
2688,869,402,5,15.1,3901.17
2689,1433,499,3,560.67,422.78
2690,1149,170,4,479,3147.67
2691,1876,342,3,227.86,1126.61
2692,193,375,4,636.4,88.4
2693,1940,224,1,409.78,731.68
2694,1542,451,5,501.42,2209.57
2695,1965,50,4,152.47,2695.13
2696,1581,1,3,18.49,1384.98
2697,1489,282,4,124.33,3147.06
2698,1805,112,1,796.86,4748.88
2699,1993,224,2,540.75,2099.38
2700,1916,55,5,899.72,625.21
2701,1793,89,1,126.83,1150.46
2702,1575,461,4,260.59,2357.63
2703,961,271,3,433.77,578.44
2704,1392,26,1,679.54,3919.79
2705,410,350,2,57.26,4584.16
2706,138,405,3,321.53,3933.21
2707,1914,441,5,127.73,3745.69
2708,708,328,5,588.47,76.59
2709,1942,401,3,311.87,3754.88
2710,1196,396,3,448.87,3721.49
2711,963,74,2,706,199.04
2712,39,26,4,370.64,3350.39
2713,1636,355,2,21.27,2541.99
2714,1311,349,5,12.4,558.63
2715,859,238,4,597.22,4993.31
2716,376,489,5,151.18,3100.81
2717,1415,474,3,906.38,332.7
2718,873,352,1,582.68,2380.62
2719,296,74,2,53.17,2905.82
2720,261,283,1,281.36,658.65
2721,283,267,1,244.55,4184
2722,1835,319,3,428.89,1310.07
2723,123,213,2,880.2,494.4
2724,1941,143,5,161.26,2795.89
2725,171,149,3,231.51,2501
2726,961,401,4,936.71,4137.28
2727,182,380,3,447.33,2733.3
2728,1383,10,2,891.98,3508.81
2729,41,67,4,503.61,53.1
2730,117,403,2,141.53,2053.45
2731,1605,431,4,428.96,3110.1
2732,1566,432,2,542.2,1138.38
2733,535,276,1,393.94,2007.52
2734,1849,129,1,862.79,2802.52
2735,250,126,1,893.35,1891.88
2736,232,367,1,25.76,4606.66
2737,393,71,3,967.52,4938.61
2738,1728,446,1,794.38,3852.47
2739,368,413,1,865.56,96.7
2740,1671,125,5,238.6,2187.49
2741,1277,33,1,232.83,2723.72
2742,330,253,1,437.61,2546.59
2743,872,57,2,416.45,4732.86
2744,265,124,4,806.6,1658.54
2745,1074,107,3,628.44,4927.86
2746,1553,376,4,382.31,2884.14
2747,1184,17,2,926.13,2860.58
2748,522,475,1,488.24,245.36
2749,711,297,3,221.45,2088.69
2750,1800,290,1,894.88,2741.51
2751,1646,126,4,120.01,39.91
2752,57,337,4,287.54,2372.43
2753,865,377,1,622.36,955.96
2754,85,78,3,936.09,2276.06
2755,1085,223,4,511.91,1920.1
2756,1110,40,5,625.97,1217.86
2757,486,213,2,370.03,3434.81
2758,226,429,4,129.06,1322.69
2759,399,193,4,989.33,358.15
2760,792,243,5,544.52,619.81
2761,533,116,2,827.07,1663.84
2762,591,110,4,677.73,4255.32
2763,1987,26,3,607.15,3783.97
2764,1096,444,2,534.08,4918.1
2765,416,468,2,744.68,4755.68
2766,598,148,5,11.96,864.85
2767,1341,353,1,403.11,427.71
2768,285,10,4,627.05,2999.79
2769,405,340,1,623.12,337.5
2770,226,225,2,435.98,4763.24
2771,810,87,5,439.85,3028.28
2772,765,11,2,617.45,1335.78
2773,1433,265,5,799.03,1013.08
2774,1701,465,3,49.14,4668.47
2775,471,435,3,981.53,2934.3
2776,781,202,4,37.84,361.96
2777,905,329,3,909.9,3061.63
2778,1595,227,2,939.99,2525.57
2779,1813,147,3,150.51,3903.74
2780,807,1,3,280.85,4331.64
2781,828,119,2,142.41,2175.38
2782,1214,491,3,254.21,1859.86
2783,1581,163,5,157.89,2392.32
2784,209,298,4,21.2,4928.53
2785,1220,336,2,219.91,4163.46
2786,1737,247,5,235.55,267.7
2787,1908,143,4,540.12,4056.15
2788,95,194,3,59.02,2718.87
2789,1339,70,4,902.86,3788.01
2790,1010,274,5,605.96,3326.54
2791,188,350,5,635.57,1270.97
2792,1824,126,4,306.07,955.37
2793,1225,410,2,924.12,288.44
2794,1398,56,3,392.2,607.43
2795,1708,175,4,246.18,1958.2
2796,914,1,4,741.8,3030.9
2797,461,165,4,107.41,3090.08
2798,532,137,2,368.56,3909.49
2799,1592,139,3,766.97,4882.73
2800,836,357,4,93.78,4794.66
2801,1860,104,5,175.4,4635.35
2802,1420,341,4,116.66,1948.95
2803,295,153,3,437.48,3763.26
2804,1161,385,4,351,65.24
2805,773,293,2,973.38,3961.76
2806,730,355,1,541.14,689.71
2807,108,266,4,91.85,121.53
2808,515,116,2,192.46,1724.74
2809,547,134,2,561.94,4450.05
2810,1798,130,5,913.37,4071.67
2811,1675,223,4,472.35,4717.26
2812,1737,456,5,658.12,3698.71
2813,826,183,5,794.83,10.34
2814,1267,470,1,892.33,4273.59
2815,1137,228,5,831.76,4021.77
2816,590,167,1,613.04,3047.33
2817,1855,66,1,396.49,4394.23
2818,1894,388,5,528.46,4138.19
2819,643,424,1,912.35,2869.53
2820,1117,410,3,771.04,3858.82
2821,1499,389,2,896.59,1374.78
2822,963,495,5,192.82,2828.68
2823,715,19,3,231.21,225.35
2824,121,134,3,367.94,2775.78
2825,1566,411,5,635.91,4318.06
2826,263,305,3,227.94,571.64
2827,1359,355,5,850.37,1435.97
2828,178,16,2,475.42,1730.68
2829,1685,239,1,340.8,1358.94
2830,1940,313,5,247.86,3132.29
2831,1484,212,3,327.57,1355.65
2832,1558,114,3,752.5,288.58
2833,1503,331,5,794.66,3817.42
2834,46,242,3,681.72,2683.51
2835,758,256,2,597.65,4058.58
2836,1011,90,5,128.85,3573.09
2837,1719,339,5,401.04,2699.46
2838,978,373,1,252.15,4537.17
2839,1278,485,4,196.51,4066.62
2840,1199,280,4,614.5,4586.86
2841,1961,61,4,308.63,4217.53
2842,1115,62,3,872.92,2899.28
2843,1381,392,5,24.41,3156.35
2844,1524,274,4,64.71,511.21
2845,1603,24,2,588.54,584.21
2846,1399,406,5,466.15,1838.21
2847,253,396,4,970.18,1683.79
2848,255,61,2,413.59,1565.71
2849,1241,175,4,161.5,1848.12
2850,1298,499,3,924.63,2365.84
2851,1599,103,3,797.46,2663.82
2852,1623,420,1,178.67,188.42
2853,1160,268,4,36.26,2246.4
2854,1626,225,2,745.94,4985.41
2855,1904,316,1,205.42,317.17
2856,1230,420,3,511.17,3101.96
2857,719,412,5,312.03,3329.33
2858,1365,123,5,281.81,963.5
2859,704,105,4,860.63,1232.59
2860,1957,34,4,551.31,2475.92
2861,767,185,4,163.65,2172.07
2862,610,435,2,957.63,4609.74
2863,5,28,3,959.24,3765.41
2864,415,47,2,380.37,2160.54
2865,859,257,4,913.2,274.29
2866,99,189,1,317.68,1648.44
2867,371,203,4,357.3,3534.69
2868,1675,28,3,827.82,3276.68
2869,1151,242,2,112.32,4827.84
2870,68,364,2,912.08,4733.96
2871,184,403,3,920.18,241.49
2872,1872,316,5,426.11,700.48
2873,1932,141,4,205.89,3395.42
2874,950,169,1,430.31,1096.11
2875,276,289,1,695.98,1699.57
2876,1581,265,1,750.39,711.25
2877,1139,167,4,573.4,4856.31
2878,1354,83,1,945.56,2430.73
2879,31,22,5,579.54,3829.88
2880,940,13,3,632.9,2156.19
2881,1861,256,5,297.45,3928.95
2882,192,159,3,455.6,945.5
2883,1003,124,5,745.68,2195.7
2884,1907,189,1,462.31,1267.04
2885,1535,407,1,17.4,1283.5
2886,1155,19,2,968.45,1696.21
2887,1595,385,5,145.5,1988.96
2888,834,131,3,218.8,855.24
2889,599,27,3,187.81,4662.34
2890,1562,208,4,984.95,27.13
2891,1289,453,5,775.82,4220.29
2892,799,167,1,527.21,2819.65
2893,1412,384,5,989.4,1192.44
2894,605,216,2,486.39,867.09
2895,289,74,3,672.09,936.03
2896,180,215,3,902.68,3005.74
2897,93,175,3,678.37,2689.47
2898,253,287,5,857.07,1901.88
2899,1437,464,1,506.13,3862.26
2900,474,32,5,562.45,3049.68
2901,1641,34,4,197.68,1313.44
2902,490,169,4,288.77,2746.84
2903,1887,210,2,79.27,1834.28
2904,339,301,2,689.65,2790.67
2905,363,475,1,343.05,1034.62
2906,627,458,1,887.98,4546.7
2907,1736,154,5,899.46,2410.38
2908,1034,46,5,982.77,4083.94
2909,1082,23,5,327.97,2391.58
2910,1820,184,5,718.25,2904.61
2911,459,239,5,638.45,2833.67
2912,1576,319,2,640.39,2451.53
2913,1900,455,1,703.59,1380.14
2914,1031,17,2,777.38,4845.2
2915,180,52,1,404.89,476.58
2916,1162,372,3,842.43,4764.6
2917,1833,222,4,203.26,485.45
2918,271,129,2,73.04,191.56
2919,1098,103,3,556.7,1865.52
2920,586,282,5,833.67,3518.65
2921,279,367,2,111.15,1644.21
2922,1231,98,2,295.39,3084.8
2923,1331,337,4,915.85,1663.18
2924,535,299,1,690.17,1319.37
2925,647,147,4,27.59,2930.82
2926,1737,288,1,184.52,4200.57
2927,1448,217,5,959.96,1267.62
2928,840,378,4,173.75,1211.39
2929,209,413,5,347.54,2319.44
2930,16,113,4,670.85,780.84
2931,1287,487,4,969.49,63.31
2932,1014,484,5,671.52,2011.49
2933,231,325,4,864.41,3536.4
2934,86,239,3,629.9,2130.19
2935,1533,30,3,930.95,2376.09
2936,461,407,5,361.22,4402.02
2937,119,430,2,783.47,4539.38
2938,337,216,4,852.67,2459.57
2939,1357,172,3,692.25,3222.52
2940,1062,255,4,437.74,2006.03
2941,387,98,5,221.17,2063.65
2942,1398,8,5,896.7,3899.86
2943,883,289,4,857.93,1716.89
2944,1344,353,4,853.51,4947.6
2945,264,343,2,669.65,1166.3
2946,1070,29,1,483.36,1325.93
2947,1004,104,1,287.84,2410.25
2948,1164,70,4,471.29,4606.12
2949,380,191,2,961.19,1719.76
2950,148,224,2,425.84,1510.58
2951,171,197,2,768.75,1486.52
2952,154,281,2,705.37,4120.09
2953,1000,248,5,483.95,2937.08
2954,378,275,2,551.37,2559.15
2955,1683,124,5,882.72,1893.87
2956,1887,461,3,180.63,4048.02
2957,505,362,2,905.77,1560.27
2958,118,372,2,374.75,2790.78
2959,1795,262,5,195.84,405.58
2960,813,72,3,711.08,4267.08
2961,790,330,5,650.56,4270.9
2962,584,347,5,401.39,2766.04
2963,593,479,1,296.11,1736.07
2964,102,133,3,717.98,1830.15
2965,114,136,1,862.64,3456.36
2966,98,14,3,958.91,2812.24
2967,178,72,4,141.41,4044.21
2968,1685,235,5,700.24,2445.71
2969,1998,72,1,266.21,1155.47
2970,65,143,1,761.6,396.91
2971,983,48,5,835.53,2015.14
2972,1277,41,2,416.43,4786.74
2973,108,62,4,321.64,796.56
2974,510,237,4,468.4,234.62
2975,1920,124,5,510.41,3842.53
2976,236,322,4,580.15,3328.6
2977,1021,226,5,257.74,3557.47
2978,1966,452,5,539.38,2446.78
2979,556,154,5,882.54,979.52
2980,1028,495,5,194.19,106.84
2981,485,265,1,523.4,3989.29
2982,1842,357,4,287.63,2273.81
2983,1517,443,3,929.22,2298.42
2984,711,298,3,91.91,2343.86
2985,1887,240,3,596.9,1164.96
2986,1683,84,2,920.18,3643.25
2987,1180,6,2,742.89,449.62
2988,944,129,3,57.8,4688.9
2989,1671,345,5,707.78,1724.2
2990,1188,58,5,745.23,2723.08
2991,91,65,2,934.17,2515.71
2992,1966,446,2,876.88,213.43
2993,643,125,2,68.51,1066.06
2994,1967,236,5,139.29,3900.15
2995,575,115,2,979.25,1719.95
2996,1595,17,3,105.57,265.21
2997,1899,108,1,701.73,895.61
2998,989,246,2,626.66,4961.76
2999,1782,279,1,464.35,4899.84
3000,439,277,1,909.35,3610.61
3001,519,215,5,348.11,2601.15
3002,1346,108,5,16.16,57.35
3003,511,54,5,972.84,4021.75
3004,50,122,3,42.98,4365.13
3005,375,90,4,783.84,375.96
3006,1375,233,3,966.26,4480.79
3007,45,314,5,533.29,3642.68
3008,1057,38,1,198.2,4570.31
3009,397,354,1,797.75,562.37
3010,227,79,5,96.48,518.72
3011,550,294,5,41.99,3667.61
3012,1301,465,2,626.28,4338.42
3013,922,288,2,787.41,3212.74
3014,1044,421,4,280.3,550.5
3015,1774,156,3,582.42,3044.79
3016,1845,327,1,463.66,1510
3017,593,31,2,256.31,3872.24
3018,1962,127,2,968.37,3632.21
3019,844,110,5,793.69,4627.52
3020,1209,170,1,342.47,3916.65
3021,1757,267,5,768.52,4005.87
3022,1427,450,4,874.01,11.89
3023,697,357,5,573.02,4368.27
3024,168,126,2,238.17,1986.09
3025,259,17,3,618.53,1615.44
3026,1051,355,3,41.99,2602.71
3027,1619,331,2,885.69,4082.4
3028,68,202,3,621.53,3101.12
3029,1625,393,4,825.13,1598.59
3030,977,367,1,546.98,4647.77
3031,123,299,2,602.97,3524.45
3032,892,93,4,139.61,4020.68
3033,1865,91,1,101.34,4182.49
3034,1150,471,1,928.53,4912.34
3035,116,484,3,780.33,476.72
3036,475,324,3,570.98,1145.21
3037,676,358,4,753.3,2357.6
3038,473,324,4,828.07,1772.68
3039,801,398,3,342.08,2158.59
3040,1716,342,3,781.44,306.14
3041,1816,462,1,891.55,922.98
3042,173,177,2,697.42,4902.88
3043,1337,285,1,120.02,3390.12
3044,1053,93,4,140.98,108.54
3045,557,117,4,530.58,1325.78
3046,799,494,1,460.65,1620.8
3047,1950,449,3,115.58,942.06
3048,539,386,3,27.16,3353.52
3049,705,7,3,788.21,3954.51
3050,1292,281,5,560.2,684.05
3051,1020,111,2,336.04,609.37
3052,1381,29,5,416.24,4939.59
3053,1395,276,5,139.76,4406.1
3054,1511,26,1,565.11,4166.16
3055,527,301,1,385.52,2052.13
3056,1897,67,1,769.9,2311.09
3057,263,328,3,625.31,4190.53
3058,102,318,5,254.77,1050.66
3059,1344,491,1,114.24,3932.39
3060,370,445,1,239.34,3035.57
3061,1600,318,5,234.72,2544.78
3062,1932,164,1,636.13,1420.44
3063,297,201,3,28.44,4339.59
3064,111,246,5,866.05,4541.62
3065,1378,56,3,494.94,987.46
3066,95,399,4,702.77,331.65
3067,1407,428,1,973,4660
3068,1086,298,4,343,2842.26
3069,1267,386,3,970.35,2071.02
3070,505,183,4,396.43,231.52
3071,1234,154,4,374.21,2505.07
3072,278,346,2,620.89,3056.52
3073,1166,342,3,687.3,4583.72
3074,684,328,5,32.48,4093.81
3075,626,319,2,821.9,4377.63
3076,1828,101,4,197.19,357.69
3077,383,191,5,701.1,4354.07
3078,323,187,3,50.51,4267.73
3079,930,395,4,424.14,2679.61
3080,95,217,3,833.16,432.63
3081,1048,46,2,786.24,4220.78
3082,680,435,3,493.12,121.79
3083,947,65,4,949.13,922.84
3084,1008,7,1,448.67,523.38
3085,1806,43,2,112.5,1449.77
3086,1940,173,3,920.8,4480.52
3087,1939,444,5,209.88,4053.68
3088,153,112,3,524.55,2360.07
3089,1537,301,1,678.13,4493.23
3090,1462,229,4,33.1,3019.62
3091,1716,414,4,42.6,4355.02
3092,1667,298,4,176.69,4242.65
3093,1967,262,2,183.98,4398.27
3094,1377,109,3,925.95,1302.81
3095,693,287,2,578.98,3623.26
3096,1642,254,2,682.38,2797.38
3097,1480,166,4,239.16,708.01
3098,1355,495,2,785.07,2034.43
3099,1069,57,4,873.39,2939.62
3100,1671,446,5,366.74,3409.2
3101,1347,198,2,438.63,1983.81
3102,1677,497,3,685.21,4611.22
3103,1218,331,1,876.46,4112.06
3104,1264,254,5,676.06,4075.43
3105,1262,302,3,288.67,4868.77
3106,1067,411,4,698.03,3731.22
3107,1671,402,3,674.1,2096.93
3108,1797,156,1,312.04,2386.39
3109,1635,228,2,223.14,2787.77
3110,1022,1,2,983.88,3198
3111,818,411,1,457.09,4785.86
3112,1357,484,4,159.6,694.45
3113,1775,414,3,543.62,199.75
3114,1563,150,3,975.18,1299.21
3115,708,105,1,544.9,4617.87
3116,1693,45,1,250.94,4360.57
3117,595,412,2,38.33,1141.17
3118,530,243,2,727.9,4190.31
3119,903,6,1,310.54,1933.44
3120,332,319,3,547.31,975.12
3121,834,424,2,545.89,4140.33
3122,937,391,1,866.82,3640.35
3123,1322,244,4,131,1915.03
3124,23,342,5,792.43,2285.45
3125,43,401,1,690.13,1160.64
3126,150,342,4,738.78,4412.5
3127,1300,257,4,320.09,3637.62
3128,1586,380,5,730.04,114.42
3129,1189,113,5,947.43,90.97
3130,1153,313,3,483.79,277.11
3131,1175,364,5,441.82,1915.89
3132,1397,345,3,528.14,3954.3
3133,700,207,1,840.01,2472.9
3134,1092,450,5,377.44,2803.6
3135,1427,304,3,462.45,4558.94
3136,652,400,1,360.91,4283.92
3137,482,132,4,751.33,1267.55
3138,813,289,5,118.81,476.72
3139,379,361,1,217.45,136.18
3140,1889,394,3,220.71,4880.08
3141,1183,41,2,379.87,4618.47
3142,697,317,1,228.03,4442.35
3143,448,206,1,406.23,3395.7
3144,1285,89,4,452.07,4679.68
3145,1161,319,5,644.76,550.2
3146,977,186,5,80.4,2434.66
3147,60,373,3,506.92,1697.61
3148,184,376,1,742.51,256.37
3149,1080,392,2,278.81,929.68
3150,1238,118,5,173.29,189.11
3151,1732,148,3,42.91,1769.72
3152,1498,60,5,538.54,738.07
3153,611,232,3,431.09,4939.32
3154,1874,46,4,40.52,462.81
3155,903,151,3,475.03,1650.72
3156,147,220,2,710.23,4004.71
3157,582,85,4,737.24,1314.64
3158,173,156,3,98.38,4349.16
3159,751,12,3,653.57,3825.74
3160,1797,426,4,182.82,1163.53
3161,1252,176,1,737.7,817.71
3162,1574,436,3,320.77,2868.86
3163,697,35,2,35.5,4136.78
3164,1187,389,3,261.18,4429.99
3165,1118,269,4,334.34,3657.77
3166,506,12,1,564.86,3293.85
3167,34,327,3,206.71,335.39
3168,826,364,3,361.36,2348.8
3169,1819,467,5,141.76,614.33
3170,621,349,3,489.43,3244.7
3171,1557,313,2,668.9,1615.29
3172,82,373,3,843.89,3032.26
3173,628,203,3,499.43,4484.19
3174,738,107,4,36.28,4015.54
3175,1503,425,5,901.52,1549.64
3176,411,88,3,876.26,2059.47
3177,1346,289,2,283.79,268.88
3178,733,428,2,463.72,3876.87
3179,630,370,1,185.88,4396.25
3180,789,492,2,244.3,495.92
3181,985,181,1,35.31,3329.59
3182,426,291,3,844.41,3041.15
3183,1199,354,3,434.68,1593.83
3184,832,377,3,811.51,1445.93
3185,1928,122,4,96.84,1434.07
3186,600,14,5,508.15,3291.72
3187,554,228,5,20.96,3755.19
3188,573,147,3,422.93,2395.83
3189,1189,395,1,401.94,1432.67
3190,895,429,5,422.69,3765.9
3191,1401,346,5,197.78,164.4
3192,23,220,4,65.49,1630.8
3193,961,3,1,226.09,4811.1
3194,616,277,3,631.82,1954.72
3195,968,251,4,359.71,3309.33
3196,732,32,1,390.16,2816.9
3197,528,413,5,464.71,178.12
3198,406,9,1,675.31,4603.4
3199,1074,42,1,391.63,2126.84
3200,177,351,2,644.28,4411.64
3201,1838,4,2,42.04,2074.83
3202,330,160,5,943.14,3108.5
3203,715,172,4,639.89,3989
3204,818,191,2,753.44,48.84
3205,1749,36,3,301.62,16.56
3206,1607,395,4,143.55,619.97
3207,435,361,1,596.51,2726.34
3208,570,466,2,631.16,903.67
3209,1001,387,4,343.9,4432.47
3210,1563,383,2,441.16,2930.4
3211,1586,72,3,801.69,3547.16
3212,1991,88,2,205.41,789.81
3213,882,256,4,371.28,306.56
3214,1418,339,1,127.59,2174.51
3215,1875,363,1,694.4,41.51
3216,1989,45,5,193.01,1379.27
3217,582,391,2,428.65,4312.25
3218,491,95,3,929.3,3795.54
3219,911,329,1,660.96,4999.81
3220,111,231,3,845.03,3380.95
3221,1407,442,4,332.38,618.5
3222,1750,81,5,150.77,4087.25
3223,726,326,1,321.92,3669.24
3224,292,308,4,906.52,4574.37
3225,143,308,1,806.73,4037.74
3226,259,30,2,796.31,4476.86
3227,120,478,5,210.46,2723.2
3228,1296,194,2,204.8,3991.81
3229,188,326,4,707.77,2155.89
3230,1233,19,2,335.33,3495.13
3231,1103,422,2,634.85,348.84
3232,1626,200,2,283.7,855.81
3233,727,239,2,263.54,958.75
3234,465,198,4,232.68,3521.22
3235,630,483,1,107.57,3693.37
3236,1639,125,2,546.72,2777.46
3237,302,474,5,651.17,664.19
3238,49,72,2,214.24,1827.54
3239,827,79,2,78.71,3000.19
3240,261,209,2,693.05,580.65
3241,1719,306,4,829.35,1099.75
3242,1383,235,4,263.78,1776.72
3243,207,59,4,885.88,3222.53
3244,131,485,5,460.12,4872.05
3245,580,65,1,332.54,2116.02
3246,1532,65,1,505.43,3848.06
3247,526,51,4,669.78,2630.71
3248,136,275,4,977.94,4519.95
3249,1867,210,5,759.16,1140.19
3250,1483,49,1,267.4,1034.84
3251,30,440,1,353.63,1710.22
3252,771,212,3,536.8,2847.19
3253,1758,39,3,24.26,197.74
3254,526,126,2,166.73,3719.8
3255,1325,344,4,167.5,611.53
3256,615,446,3,29.96,3372.96
3257,542,135,1,866.1,3368.37
3258,1071,198,1,544.21,3429.36
3259,259,135,2,358.7,73.62
3260,1276,18,4,488.19,2358.26
3261,1848,39,1,200.55,4194.05
3262,469,469,2,105.72,248.05
3263,760,38,3,919.79,2713.75
3264,1749,100,3,794.38,4424.26
3265,1223,245,1,207.04,349.8
3266,291,76,3,121.75,3701.61
3267,501,273,3,995.7,1789.74
3268,968,441,2,915.12,1906.73
3269,1173,320,2,951.56,235.28
3270,1137,335,3,467.35,1080.58
3271,1977,369,1,964.85,4873.92
3272,1391,11,2,798.63,4569.83
3273,179,487,4,307.04,4635.92
3274,701,109,1,266.62,3648.78
3275,1674,457,1,70.37,706.69
3276,1904,239,2,634.85,4359.95
3277,1062,109,5,927.82,407.04
3278,1439,356,5,680.7,1187.13
3279,1379,295,5,153.92,260.78
3280,152,337,1,287.9,4850.53
3281,319,39,1,188.63,58.86
3282,296,239,1,243.53,1093.85
3283,1838,248,5,60.84,1520.85
3284,735,99,4,379.76,1781.22
3285,1948,472,3,378.6,611.54
3286,1145,211,3,596.12,4872.7
3287,734,97,1,764.68,362.85
3288,276,437,5,358.75,1822.59
3289,1193,34,3,406.69,1378.3
3290,1751,167,2,96.73,2065.18
3291,1551,275,1,476.12,2411.14
3292,1617,314,3,627.98,2201.85
3293,777,197,2,392.59,805.87
3294,315,20,1,568.58,2127.01
3295,1726,425,1,210.24,1284.39
3296,632,439,1,309.61,723.82
3297,108,360,4,539.98,2645.44
3298,670,316,5,122.34,4559.52
3299,1464,47,3,866.4,1331.76
3300,161,159,4,883.02,3578.88
3301,416,154,3,57.3,4117.25
3302,1284,267,2,997.27,2984.58
3303,29,174,3,179.45,4957.38
3304,573,250,2,186.49,2377.55
3305,848,294,1,268.07,93.68
3306,1217,144,4,490.56,2372.84
3307,1367,199,1,955.17,2480.49
3308,723,166,1,304.31,598.04
3309,73,245,4,315.82,4876.39
3310,1149,95,4,398.03,3820.62
3311,1582,43,3,977.58,747.92
3312,610,49,5,841.13,1320.25
3313,117,197,2,228.49,3047.02
3314,1277,334,4,393.74,1926.68
3315,1874,284,5,249.67,1963.67
3316,1108,49,3,682.52,2043.14
3317,1978,389,2,692.2,3097.17
3318,1649,457,4,275.21,4685.67
3319,515,123,4,347.71,2862.2
3320,1360,457,5,525.77,718.49
3321,315,67,2,59.8,4142.39
3322,640,277,5,444.3,3438.73
3323,1552,266,4,345.15,17.34
3324,1336,131,1,268.77,185.68
3325,1908,133,3,295.82,2305.91
3326,1183,489,4,26.16,125.53
3327,1051,127,1,10.95,4827.02
3328,331,185,4,615.28,4915.86
3329,459,301,3,660.31,1283.99
3330,150,346,1,28.95,1997.48
3331,511,371,4,948.36,2809.15
3332,1936,124,4,435.39,2171.13
3333,1418,48,3,120.72,3496.59
3334,1760,414,5,399,2634.93
3335,7,168,5,82.61,179.16
3336,1314,458,4,356.29,4825.52
3337,1094,95,4,739.46,4737.32
3338,1853,113,5,834.32,1373.39
3339,1769,6,4,833.86,4963.07
3340,1629,135,5,683.02,1723.75
3341,603,459,4,498.25,3685.02
3342,557,279,4,58.4,4363.23
3343,697,183,5,664.73,258.43
3344,1199,327,4,110.2,2382.07
3345,496,367,4,21.82,3662.1
3346,743,425,3,792.96,1050.98
3347,1124,279,2,893.63,4903.65
3348,1767,87,5,97.8,2736.55
3349,1266,389,1,335.79,2439.57
3350,1648,45,4,421.47,4857.45
3351,1407,135,1,642.14,372.54
3352,1585,34,4,278.5,3540.14
3353,1770,325,5,981.61,1683.27
3354,351,121,1,242.53,2125.29
3355,152,14,1,291.52,534.02
3356,1541,224,5,726.4,4852.54
3357,1491,496,1,337.03,4409.68
3358,1548,433,1,278.98,4273.13
3359,456,299,2,358.58,276.24
3360,760,138,2,257.11,3683.03
3361,348,350,2,323.99,1824.97
3362,1900,421,1,189.66,4573.37
3363,1875,245,1,875.23,1421.63
3364,887,152,5,303.74,4871.75
3365,1733,113,5,649.33,2048.46
3366,1497,305,1,224.5,4074.83
3367,898,375,1,846.16,1827.03
3368,1221,327,5,363.07,3954.97
3369,1893,449,5,243.4,1713.62
3370,1709,130,1,510.43,3924.51
3371,788,129,5,546.5,912.99
3372,162,350,5,395.96,1893.15
3373,1574,222,1,56.5,2974.27
3374,1460,285,2,507.12,2372.55
3375,93,260,5,885.07,3141.32
3376,440,401,1,666.92,1303.98
3377,659,364,2,159.85,463.53
3378,1473,357,5,909.33,1933.95
3379,268,459,3,496.59,4103.37
3380,1154,469,5,294.19,4859.64
3381,1396,118,1,178.43,775.44
3382,769,491,4,343.98,3869.11
3383,439,492,4,257.61,4905.41
3384,1847,218,3,950.71,579.26
3385,737,356,4,622.54,881.04
3386,1798,294,5,686.3,944.04
3387,1124,183,2,914.44,1401.7
3388,1221,265,4,678.02,1433.31
3389,1086,311,1,497.31,2908.61
3390,373,468,5,509.8,639.84
3391,333,261,4,159.73,1277.57
3392,1430,424,5,340.35,4071.88
3393,1741,17,2,578.13,980.95
3394,227,450,3,320.03,2847.43
3395,322,67,2,322.52,1654.11
3396,1389,214,2,433.77,3367.23
3397,459,282,2,981.57,3073.97
3398,217,411,2,554.28,1905.8
3399,10,135,5,633.88,2850.43
3400,522,418,4,699.87,3301.62
3401,319,193,1,239.19,4363.55
3402,1215,23,4,859.31,1406.8
3403,823,80,2,586.23,2689.76
3404,659,388,4,383.29,2500.25
3405,634,17,4,557.19,4430.34
3406,1764,275,1,405.27,2062.9
3407,1683,384,5,637.95,3023.83
3408,142,265,3,41.13,4705.03
3409,1926,283,4,522.11,3332.28
3410,754,132,3,970.48,1153.1
3411,109,16,5,924.88,4207.25
3412,172,452,1,711.92,2079.88
3413,282,334,4,993.47,1730.97
3414,458,262,2,206.86,4903.06
3415,46,395,3,798.47,4595.91
3416,1680,478,4,202.65,2868.64
3417,835,273,2,925.52,2040.79
3418,1382,127,1,767.15,3246.11
3419,1819,485,3,458.73,391.69
3420,1594,210,1,977.77,630.03
3421,981,361,5,90.49,3983.56
3422,681,100,5,78.5,2687.48
3423,1067,263,5,442.3,148.11
3424,12,477,2,386.02,1913
3425,1297,448,4,543.46,1052.44
3426,1645,89,4,354.36,3963.48
3427,1942,386,5,176.86,1155.72
3428,1523,179,3,557.01,2133.37
3429,1001,312,4,917.39,1121.89
3430,1872,130,1,868.71,2776.52
3431,1877,153,5,996.63,4883.39
3432,549,128,2,58.76,1511.58
3433,831,71,4,438.33,3533.77
3434,1471,172,5,246.33,1238.95
3435,1851,274,4,989.44,3618.17
3436,1418,77,3,831.05,1598.18
3437,625,178,3,144.18,731.42
3438,1441,171,1,861.09,4443.23
3439,1864,151,2,159.94,293.7
3440,176,140,4,629.44,2371.13
3441,765,110,3,534.45,857.09
3442,866,76,4,527.37,1771.55
3443,1776,394,2,554.08,2170.86
3444,1454,208,3,200.79,1697.4
3445,1615,316,4,765.94,3283.78
3446,1835,176,4,184.64,390.9
3447,16,84,3,768.03,3372.46
3448,1948,17,5,672.23,2481.47
3449,797,319,1,787,1636.21
3450,683,420,1,676.33,596.61
3451,827,85,2,433.2,670.39
3452,1924,132,5,757.74,1765.92
3453,1566,437,2,254.73,3041.95
3454,114,106,3,60.35,4367.28
3455,648,188,1,823.86,4847.33
3456,803,8,1,495.8,4242.21
3457,1990,425,4,216.83,2052.07
3458,1714,17,3,622.96,2894.09
3459,903,109,4,459.63,3702.74
3460,964,171,2,535.72,4847.86
3461,350,31,3,846.04,1541.3
3462,41,152,2,714.2,3087.79
3463,1626,28,3,568.23,1855.12
3464,830,389,3,90.3,511.1
3465,1720,309,5,286.69,3236.1
3466,1112,111,4,970.38,3641.49
3467,726,282,1,906.2,3173.99
3468,1526,229,2,701.35,3393.92
3469,1215,380,4,623.21,1381.07
3470,604,344,4,197.67,1192.91
3471,1569,460,2,630.65,1375.09
3472,1733,214,5,543.55,3123.68
3473,770,361,3,381.5,4613.38
3474,29,61,1,688.92,4214.98
3475,872,117,4,97.66,1013.01
3476,801,74,5,474.57,1060.7
3477,1253,261,1,455.68,3521
3478,1455,137,2,343.22,1283.8
3479,1143,202,3,769.33,3474.97
3480,1608,202,1,976.51,4652.43
3481,1423,488,1,380.68,2485.17
3482,187,36,1,155.93,4240.02
3483,1869,235,3,662.68,1972.34
3484,1549,265,3,645.25,4490.2
3485,1503,415,1,681.02,517.41
3486,794,199,1,121.45,4694.65
3487,237,298,2,652.87,132.46
3488,1067,239,5,671,2062.68
3489,208,154,1,158.12,500.25
3490,738,268,5,89.65,2028.48
3491,1133,474,2,275.2,35.37
3492,1619,487,2,142.37,3899.15
3493,93,443,2,461.23,4895.13
3494,1391,119,3,615.03,19.18
3495,1342,30,4,36.25,118.63
3496,755,201,3,486.88,2168.25
3497,222,224,5,215.03,643.8
3498,1375,83,3,366.37,3460.36
3499,1665,44,2,320.74,3880.92
3500,1371,259,5,535.44,4887.77
3501,166,375,1,664.2,1989.4
3502,1180,296,1,844.54,1225.42
3503,1984,32,4,85.25,3815.97
3504,1067,376,4,269.57,2326.29
3505,547,320,5,839.96,491.3
3506,1307,270,4,882.72,2842.27
3507,644,207,4,945.92,2179.48
3508,1629,484,2,543.24,3688.46
3509,609,431,4,830.05,2704.68
3510,486,182,3,40.43,545.83
3511,1845,388,2,957.74,3171.84
3512,1187,73,4,785.05,4136.42
3513,318,239,4,722.65,1364.07
3514,796,327,5,799.09,1656.11
3515,670,419,5,558.17,30.16
3516,1939,208,4,227.1,3826.78
3517,600,332,2,247.74,4408.94
3518,909,14,4,32.63,3569.56
3519,1375,194,2,259.54,1289.97
3520,495,236,5,639.18,1276.83
3521,863,427,5,198.91,1202.21
3522,739,307,5,766.65,1425.71
3523,1860,228,1,773.09,2990.34
3524,1860,396,3,515.31,1516.21
3525,602,79,1,157.78,4102.84
3526,179,52,3,331.8,3233.16
3527,1882,20,4,603.49,3428.36
3528,1825,145,3,18.53,838.52
3529,1755,435,5,771.09,147.81
3530,645,342,5,851.26,3071.87
3531,200,99,3,735.93,4327.66
3532,1440,45,2,609.65,92.4
3533,433,70,2,834.69,3801.41
3534,1073,255,4,703.84,3528.72
3535,1437,254,4,448.2,2777.6
3536,548,56,5,123.65,4330.79
3537,734,92,4,720.77,1565.79
3538,371,212,2,454.99,2895.79
3539,392,470,2,918.91,4711.17
3540,851,18,1,101.61,901.37
3541,1310,400,2,289.67,909.45
3542,1762,406,5,789.19,1607.74
3543,1227,410,5,356,323.1
3544,1153,365,2,917.59,191.53
3545,1541,69,5,766.29,2514.66
3546,1215,335,5,449.57,2477.99
3547,789,378,5,206.19,347.75
3548,477,245,2,881.57,3452.18
3549,1116,264,2,692.68,603.45
3550,1587,13,1,22.04,809.37
3551,314,401,5,51.17,4088.98
3552,715,363,2,950.48,999.15
3553,499,364,3,11.41,663.49
3554,1142,1,2,497.82,56.82
3555,1585,226,5,307.5,2902.6
3556,44,224,2,391.22,4025.48
3557,1323,457,2,40.77,3452.79
3558,1470,65,3,56.14,1369.09
3559,896,70,3,30.73,1556.4
3560,1412,218,3,237.75,2905.67
3561,549,266,3,241.81,688.47
3562,479,478,2,426.8,3336.49
3563,474,341,5,678.92,2314.57
3564,25,364,3,94.04,2245.86
3565,508,132,5,734.3,2563.41
3566,926,260,4,161.53,502.63
3567,239,185,4,711.74,1205.67
3568,160,66,3,685.57,2589.02
3569,345,136,5,859.62,153.73
3570,1662,19,4,928.76,111.68
3571,207,296,4,251.05,3384.88
3572,595,460,5,754.76,968.11
3573,1859,438,2,867.76,3775.31
3574,443,430,4,687.52,2146.66
3575,1300,90,5,898.41,4292.2
3576,1770,425,5,522.08,4941.12
3577,1229,135,2,147.22,2455.63
3578,147,386,5,387.16,3950.7
3579,326,24,3,865.9,2275.57
3580,958,40,4,182.23,1085.87
3581,1810,182,1,34.43,2536.59
3582,312,20,3,127.85,586.49
3583,324,107,2,837.17,3948.11
3584,195,25,1,10.33,1079.69
3585,1585,373,3,540.42,4650.02
3586,1537,194,5,821.86,4047.76
3587,601,313,1,783.38,2766.94
3588,377,32,2,497.23,3635.87
3589,1963,155,4,920.75,209.72
3590,1417,30,2,457.77,4355.54
3591,22,261,3,954.42,4143.09
3592,1322,331,4,132.42,2016.75
3593,1451,139,3,933.45,1164
3594,648,46,4,295.39,1395.17
3595,1615,361,4,241.81,2401.95
3596,282,27,5,283.59,1487.77
3597,294,327,1,523.97,4032.61
3598,19,326,3,560.9,2555.37
3599,502,452,2,841.32,3672.53
3600,411,223,4,221.51,4939.43
3601,1803,250,2,85.83,471.28
3602,17,107,1,814.26,3699.23
3603,1042,474,4,501.14,494.72
3604,1363,47,5,471.55,3176.31
3605,227,304,1,352.17,2119.31
3606,1580,231,2,631.6,1380.56
3607,521,379,1,618.79,2611.57
3608,81,101,3,469.28,1229.2
3609,1150,161,5,964.32,4970.14
3610,907,400,3,278.54,2990.91
3611,1925,276,5,21.91,3043.33
3612,1998,361,4,846.22,120.79
3613,1044,210,1,411.85,524.87
3614,1862,384,4,173.63,3651.2
3615,758,278,5,324.92,236.65
3616,12,253,1,814.05,4960.28
3617,1080,113,5,576.01,3631.69
3618,1589,111,2,385.19,3223.38
3619,791,312,4,995.81,1189.77
3620,924,310,5,245.7,1881.36
3621,1659,436,3,869.22,1733.08
3622,50,7,5,905.54,255.26
3623,1668,326,4,965.97,952.76
3624,1057,96,1,187.74,1978.12
3625,168,458,2,324.95,4218.19
3626,1552,391,5,375.91,1618.32
3627,1252,336,1,111.67,218.23
3628,779,134,5,310.92,2732.69
3629,1315,391,5,185.74,1826.05
3630,868,30,2,263.82,141.87
3631,615,38,4,349.89,1635.06
3632,1213,269,5,856.31,401.05
3633,647,226,4,859.77,4196.65
3634,1973,192,4,253.94,966.66
3635,487,415,5,510.22,3717.35
3636,384,260,1,756.75,4232.67
3637,74,87,1,871.89,106.46
3638,279,490,2,541.22,541.5
3639,1380,171,3,767.71,368.16
3640,453,120,4,945.62,2474.46
3641,18,375,5,387.09,3980.03
3642,1735,480,1,665.32,4464.97
3643,1570,173,3,920.03,2679.94
3644,530,71,2,781.47,1689.69
3645,434,47,2,794,4657.48
3646,1838,454,5,301.82,4505.14
3647,1524,24,5,589.75,4299.9
3648,1680,72,2,81.82,2119.47
3649,418,303,5,513.92,3763.93
3650,1662,431,5,616.39,4587.8
3651,637,233,4,467.16,407.45
3652,1616,491,2,293,1430.8
3653,67,3,4,49,290.18
3654,1762,485,5,676.17,1053.03
3655,1592,394,2,467.88,2195.51
3656,731,211,3,12.4,1076.98
3657,254,146,2,729.93,4236.16
3658,1558,51,3,403.54,461.4
3659,1848,102,1,783.32,1575.95
3660,794,352,5,696.77,4232.93
3661,438,56,2,52.68,399.09
3662,1711,97,2,803.25,2666.89
3663,271,479,5,924.87,2982.92
3664,1287,6,5,795.81,2200.43
3665,1797,69,2,922.77,4793.77
3666,1560,303,5,909.06,3037.17
3667,798,205,1,963.21,3330.35
3668,720,231,5,964.39,2053.93
3669,1905,159,4,492.5,667.27
3670,946,320,5,595.37,1849.98
3671,1701,19,3,640.79,819.91
3672,1306,230,1,104.03,3425.98
3673,1267,424,2,928.22,3552.32
3674,1520,306,1,715.3,2015.42
3675,1964,378,2,354.88,4407.18
3676,1839,392,5,648.93,3033.72
3677,1682,136,4,737.26,1714.98
3678,1208,92,2,285.22,4778.86
3679,1245,304,4,687.38,3042.41
3680,737,357,4,536.75,1877.36
3681,975,2,4,855.62,1278.61
3682,667,104,1,798.02,3519.54
3683,897,119,1,52.16,2387.74
3684,410,104,1,586.97,2611.44
3685,458,259,3,143.56,388.77
3686,894,65,5,360.07,2742.22
3687,1325,142,2,232.5,429.1
3688,1295,270,4,503.24,1980.32
3689,463,489,5,369.88,4309.52
3690,513,70,4,587.06,2861.1
3691,492,428,1,424.19,1944.3
3692,1497,206,3,491.79,1804.55
3693,619,96,4,265.95,612.09
3694,1986,214,5,260.85,4555.39
3695,722,109,4,535.03,3164.93
3696,658,15,4,177.61,2071.08
3697,147,211,4,647.47,2950.95
3698,490,164,3,610.13,2886.01
3699,314,183,4,994.95,835.4
3700,160,228,2,985.45,1964.1
3701,1476,352,5,314.83,4613.97
3702,1719,96,2,329.52,3129.43
3703,607,167,2,697.05,2344.2
3704,293,472,1,91.82,935.41
3705,1925,311,2,408.47,1976.52
3706,1885,96,5,112.63,4517.39
3707,67,280,1,899.23,3054.37
3708,1707,227,1,194.74,3902.09
3709,400,401,3,555.04,4533.44
3710,609,204,5,493.72,2976.11
3711,1563,471,2,206.09,4595.58
3712,295,404,2,29.47,239.69
3713,925,143,5,750.42,364.29
3714,1991,307,4,184.33,84.31
3715,1042,182,1,228.63,843.38
3716,1223,456,1,896.76,136.46
3717,1084,371,4,424.8,4740.09
3718,1152,426,2,579.74,2070.56
3719,927,93,1,395.22,445.06
3720,1376,215,4,950.14,967.14
3721,190,22,2,606.79,3798.53
3722,214,40,2,566.95,1837.4
3723,1287,379,4,122.42,2138.47
3724,1466,269,2,181.35,630.32
3725,1655,63,5,508.07,2179.37
3726,924,120,4,650.92,4934.59
3727,400,468,1,475.28,3973.55
3728,1815,158,5,635.72,1120.09
3729,786,197,1,239.02,209.55
3730,50,36,2,776.24,4801.04
3731,715,411,4,510.15,3960.73
3732,91,223,1,848.81,3648.84
3733,1928,423,5,814.01,3363.15
3734,403,21,5,435.45,4583.81
3735,986,109,2,727.46,1193.44
3736,457,409,3,856.64,3697.79
3737,1293,402,4,82.47,3378.22
3738,1410,453,5,922.69,4141.69
3739,369,202,1,572.52,4326.09
3740,871,338,5,619.05,4879.95
3741,200,22,2,108.99,3152.67
3742,4,227,2,468.1,3617.67
3743,994,79,2,550.07,3604.94
3744,1221,438,1,869.7,3666.08
3745,1876,386,1,53.53,2846.66
3746,326,265,5,860.38,2303.97
3747,1870,442,2,231.15,4326.59
3748,34,417,3,636.21,3026.72
3749,508,333,5,70.35,2597.43
3750,370,148,3,520.06,4099.57
3751,700,381,4,25.55,1113.27
3752,269,316,3,987.21,2970.88
3753,914,109,3,816.7,1169.41
3754,1158,166,4,61.68,1357.01
3755,1773,292,4,956.74,4809.41
3756,1163,95,5,834.12,3599.18
3757,1725,298,1,986.15,2509.23
3758,1228,68,2,629.55,1022.06
3759,1292,105,2,646.98,4499.12
3760,920,110,2,973.37,2538.06
3761,1175,46,1,458.52,32.97
3762,1228,353,5,342.79,3914.89
3763,106,444,1,89.04,3630.78
3764,243,338,3,873.08,2343.88
3765,1950,73,5,157.11,4478.95
3766,992,481,1,880.68,2076.85
3767,463,211,4,581.08,267.82
3768,504,299,4,989.63,620.98
3769,1942,401,2,885.25,3401.26
3770,1424,372,2,273.13,1944.12
3771,1613,307,2,764.37,2824
3772,1029,352,4,113.46,3286.48
3773,1114,324,1,560.49,4894.52
3774,913,493,1,273.21,3571.57
3775,1852,280,1,721.93,3275.14
3776,860,203,1,480.36,370.91
3777,1637,118,4,631.48,3751.54
3778,1123,364,2,343.92,2312.69
3779,1969,133,4,954.37,98.71
3780,329,351,5,578.77,4438.41
3781,1893,291,2,580.83,2891.55
3782,442,83,1,641.1,1284.13
3783,22,322,1,65.3,2282.67
3784,1764,105,5,560.53,2093.76
3785,539,460,3,608.72,1330.62
3786,203,345,4,320.14,2302.41
3787,438,456,1,683.8,3712.04
3788,1654,345,4,857.16,1550.69
3789,408,278,2,195.08,2350.85
3790,298,11,5,197.56,1746.99
3791,1686,276,2,460.91,1385.26
3792,984,366,4,944.15,2270.95
3793,510,130,5,483.19,3247.34
3794,478,229,5,607.01,3763.59
3795,782,78,2,398.26,873.08
3796,482,176,5,744.24,2700.75
3797,40,254,5,856.57,1376.47
3798,1286,248,4,542.9,1912.22
3799,268,493,3,805.8,432.83
3800,628,111,1,523.78,2541.84
3801,1982,471,3,867.31,1922.97
3802,1094,216,3,208.28,1018.93
3803,1397,393,4,151.67,405.39
3804,1005,359,5,344.12,3856.52
3805,458,181,4,764.2,2798.05
3806,1721,213,4,714.44,4696.28
3807,363,334,3,67.76,1205.72
3808,1816,385,4,985.15,45.73
3809,726,81,5,783.6,1329.9
3810,807,291,1,276.12,3201.7
3811,748,228,5,788.36,3413.62
3812,47,361,4,746.31,209.95
3813,479,271,1,529.86,262.64
3814,1725,360,4,584.97,1686.01
3815,12,121,1,960.19,1533.38
3816,1506,385,3,453.99,1294.67
3817,651,227,3,962.21,2220.72
3818,44,446,5,744.04,1980.48
3819,172,432,4,966.19,3388.45
3820,982,181,4,380.52,1300.27
3821,1738,433,1,853.63,3203.58
3822,1825,131,1,963.72,3166.69
3823,795,274,5,726.54,2956
3824,865,42,1,913.98,1372.59
3825,911,318,1,367.19,1280.41
3826,98,158,2,742.34,2520.47
3827,320,404,5,985.86,4438.5
3828,1796,67,5,469.92,178.57
3829,1638,146,1,145.19,2975.59
3830,542,10,5,101.05,1453.28
3831,249,226,4,988.72,2064.59
3832,937,434,2,256.1,3275.45
3833,735,392,5,97.82,676.86
3834,1565,365,1,718.88,1672.84
3835,1065,210,1,342.01,4382.71
3836,1526,139,3,960.15,3180.06
3837,655,430,2,61.56,4611.46
3838,838,292,1,949.78,2630.47
3839,500,32,1,491.13,1146.03
3840,185,493,5,687.56,3186.31
3841,280,86,5,506.85,3197.49
3842,1236,461,1,15.46,2129.13
3843,744,240,1,967.41,3074
3844,185,215,4,332.09,833.56
3845,130,110,2,926.47,642.55
3846,869,259,5,809.82,259.37
3847,1544,456,3,416.19,3492.94
3848,1138,189,4,436.86,3566.62
3849,290,5,3,370.53,753.16
3850,1433,398,5,651.01,533.54
3851,420,425,1,859.5,758.34
3852,777,187,5,495.63,2980.42
3853,617,376,1,848.23,4484.9
3854,663,115,5,224.19,3832.99
3855,1617,196,2,386.54,3592
3856,87,56,2,984.9,3836.75
3857,572,225,2,190.25,756.52
3858,1025,484,1,72.75,2860.31
3859,1460,9,3,159.38,4778.23
3860,1416,335,3,234.06,4291.81
3861,1470,370,4,232.56,475.86
3862,299,245,3,448.54,459.9
3863,1407,53,2,770.65,4260.39
3864,1977,291,1,100.13,4266.94
3865,623,337,2,195.01,671.08
3866,277,40,3,933.18,447.59
3867,628,131,5,632.61,4593.07
3868,1289,391,1,855,3999.49
3869,38,421,1,252.49,1234.83
3870,871,61,2,307.38,3253.66
3871,441,280,1,655.24,2314.52
3872,935,378,1,612.71,4512.75
3873,1408,334,4,63.05,1411.4
3874,982,160,2,704.09,1422.57
3875,1732,423,1,276.77,3562.98
3876,824,471,3,314.71,2852.96
3877,1438,87,4,583.79,4249.12
3878,574,277,1,941.23,4046.38
3879,1662,337,5,884.2,502.32
3880,310,289,1,954.61,4722.41
3881,279,76,1,750.19,980.32
3882,431,470,5,865.91,3669.98
3883,378,299,4,131.91,3693.39
3884,451,84,3,760.78,1502.5
3885,748,12,5,826.07,2444.2
3886,971,15,3,723.14,3358.39
3887,411,179,1,434.89,1043.91
3888,1013,438,2,53.2,3702.12
3889,1922,18,3,10.84,1737.4
3890,273,118,2,507.26,2509.84
3891,871,442,2,624.98,4933.02
3892,1130,148,2,900.53,3696.13
3893,77,302,5,645.43,4675.82
3894,4,71,4,291.09,1886.63
3895,1830,338,1,32.18,1417.46
3896,1837,297,4,415.25,2388.21
3897,941,292,3,467.94,3079.69
3898,1173,409,1,214.73,3246.14
3899,1031,316,3,954.28,2352.75
3900,1922,319,2,480.37,2286.93
3901,1788,100,5,61.94,1636.52
3902,708,499,1,459.31,2050.87
3903,556,319,2,528.37,1486.37
3904,1374,133,2,860.08,2025.67
3905,551,445,2,65.09,4752.13
3906,88,28,3,425.28,4196.38
3907,1302,393,5,647.94,3869.07
3908,595,187,5,425.54,1259.41
3909,605,297,2,793.77,3854.92
3910,1576,219,4,456.3,4828.39
3911,1699,371,3,743.82,1933.06
3912,1772,32,3,123.36,2363.67
3913,607,174,3,90.77,3126.01
3914,441,383,2,183.93,687.25
3915,263,411,5,448.96,3518.74
3916,599,85,4,363.58,4124.76
3917,105,141,3,138.34,3474.6
3918,382,413,1,776.6,4031.67
3919,1147,99,2,982.1,3592.21
3920,681,190,4,824.07,4398.23
3921,617,162,3,700.78,4499.16
3922,699,127,3,740.29,4158.55
3923,417,162,5,106.91,48.15
3924,64,177,1,473.33,4340.66
3925,603,295,3,910.53,2282.23
3926,1417,406,1,957.6,4364.59
3927,482,69,3,389.97,2564.67
3928,159,325,1,276.86,4492.27
3929,1687,319,5,412.98,3779.13
3930,882,494,2,499.15,3110.58
3931,1567,139,3,285.9,2779.43
3932,1780,469,2,574.43,3274.26
3933,564,76,1,450.79,998.31
3934,1394,495,2,77.09,3236.96
3935,365,5,2,96.93,2427.38
3936,885,106,4,869.13,4687.13
3937,1383,189,5,388.37,2645.23
3938,696,364,3,586.69,4094.45
3939,242,249,1,804.19,2004.08
3940,1715,48,3,271.94,3487.51
3941,1518,349,4,811.05,315.15
3942,463,245,2,941.61,4589.78
3943,282,187,5,459.73,239.34
3944,484,258,1,397.17,2031.74
3945,1884,141,5,773.03,2833.84
3946,1467,136,3,636.28,3648.93
3947,1278,28,5,565.59,4142.69
3948,316,385,1,173,4403.68
3949,609,231,1,397.21,1561.54
3950,1337,49,1,819.16,2838.77
3951,1770,336,5,916.58,1497.71
3952,375,419,5,336.71,580.45
3953,1177,46,1,296.09,4189.9
3954,357,98,5,354.82,4496
3955,1864,171,1,517.18,1271.51
3956,1049,292,1,579.87,1894.89
3957,816,314,1,767.22,1736.36
3958,652,498,1,538.31,3004.63
3959,1193,292,4,580.02,3360.73
3960,1912,136,2,138.7,2803.92
3961,782,326,2,206.89,3366.96
3962,200,328,4,655.78,1690.68
3963,1204,136,3,677,1605.49
3964,139,44,1,170.85,4796.77
3965,435,171,5,843.7,3699.8
3966,1412,311,5,752.86,3681.36
3967,439,392,2,110.86,4029.85
3968,1760,127,4,152.66,3535.27
3969,419,425,5,658.3,4041.61
3970,762,331,3,439.82,591.99
3971,1027,104,1,835.31,1868.79
3972,1299,360,2,204.98,492.05
3973,809,215,2,144.41,268.64
3974,1317,379,2,641.83,2209
3975,1962,490,5,183.61,256
3976,642,131,5,394.86,385.66
3977,280,301,1,771.11,2612.22
3978,739,83,5,185.83,3515.75
3979,657,218,2,657.94,1896.47
3980,1232,241,3,802.76,4201.57
3981,1961,187,3,258.27,4814.97
3982,326,383,4,326.31,4096.43
3983,1361,157,2,168.25,563.24
3984,766,241,5,146.04,4652.49
3985,1992,24,4,576.17,3873.57
3986,697,391,2,988.02,4808.36
3987,720,125,2,569.03,1279.35
3988,1324,70,5,749.39,799.69
3989,1742,257,5,142.22,533.21
3990,701,95,4,619.36,4477.3
3991,562,255,5,210.85,751.73
3992,1097,39,2,850.99,3993.52
3993,191,130,3,644.73,1127.14
3994,1928,393,5,441.97,3624.5
3995,905,78,5,314.71,119.86
3996,1726,56,3,912.18,921.58
3997,668,194,3,513.15,4329.44
3998,1472,354,2,536.36,1188.81
3999,1551,121,3,701.87,781.49
4000,376,119,1,236.83,4303.91
4001,1997,153,5,155.12,3939.06
4002,255,302,1,957.65,4687.88
4003,1844,304,4,573.03,2442.95
4004,1863,449,5,827.77,362.52
4005,1029,153,5,802.42,4655.81
4006,52,336,5,564.5,2738.09
4007,39,205,4,464.64,2803.95
4008,1743,66,5,273.04,3906.68
4009,161,267,3,415.88,321.52
4010,1297,445,5,975.75,979.74
4011,693,419,5,731.99,4849.94
4012,55,260,3,545.35,3907.27
4013,1147,286,5,630.04,3169.63
4014,1813,135,5,884.48,125.75
4015,1681,321,3,128.84,1093.84
4016,1527,122,2,823.95,3903.87
4017,87,376,2,654.3,819.84
4018,1748,221,2,824.31,794.26
4019,1713,136,4,618.46,1872.59
4020,1373,235,1,304.04,4872.41
4021,1365,21,5,434.11,1123.89
4022,299,210,3,929.19,2484.97
4023,1619,332,4,967.9,1672.37
4024,882,190,5,830.57,93.25
4025,1019,116,5,201.96,918.29
4026,1412,482,2,840.75,419.53
4027,1601,283,2,33.17,4414.22
4028,477,66,3,394.55,424.86
4029,1353,346,1,902.26,786.12
4030,1948,188,1,761.43,2392.24
4031,1383,39,2,960.61,4780.14
4032,1656,208,3,892.85,2157.01
4033,1005,480,5,393.62,2747.08
4034,138,194,4,483.58,754.07
4035,655,380,2,30.36,3938.81
4036,1136,53,4,97.08,557.49
4037,886,434,5,47.44,3819.23
4038,427,284,5,150.2,1171.22
4039,1997,252,4,15.73,4982.63
4040,1887,437,5,407.19,1722.8
4041,1903,123,4,566.99,1595.73
4042,108,234,1,289.03,4560.52
4043,930,210,1,557.89,357.58
4044,763,22,1,515.27,4195
4045,1197,467,1,249.17,3043.19
4046,1660,458,2,210.77,2099.25
4047,96,33,2,842.14,4662.98
4048,75,206,4,21.93,4214.33
4049,95,481,2,644.19,1930.95
4050,1498,63,5,255.61,869.87
4051,174,104,5,511.99,403.85
4052,513,488,4,582.11,4210.08
4053,1604,97,3,567.76,2831.31
4054,1846,386,2,172.25,4922.48
4055,1135,32,1,260.88,885.18
4056,1204,95,5,773.01,1022.23
4057,309,394,4,107,4946.77
4058,1365,284,5,673.83,3062.99
4059,68,39,1,700.06,1777.3
4060,9,354,1,338.43,2081.88
4061,301,500,5,571.96,4977.49
4062,629,232,1,830.4,2040.44
4063,938,34,3,101.34,1432.21
4064,1405,457,3,679.11,4106.45
4065,1152,365,4,101.83,2152.11
4066,1545,406,5,202.98,3782.33
4067,567,387,4,383.42,2379.87
4068,1876,198,1,990.32,4745.58
4069,1980,484,5,947.52,3287.51
4070,1472,427,2,338.47,2342.38
4071,1293,168,2,918.11,1173.27
4072,366,351,3,904.25,3002.22
4073,53,432,2,247.29,395.5
4074,1353,31,4,632.35,1251.12
4075,1687,186,3,455,4766.23
4076,1676,188,1,881.79,1654.22
4077,1931,37,2,660.48,4095.36
4078,1374,263,4,996.57,2376.79
4079,55,183,2,607.74,3096.04
4080,1125,49,2,247.31,23.16
4081,327,306,2,330.32,55.94
4082,1057,464,3,875.13,1998.77
4083,1831,279,2,976.86,4303.79
4084,350,123,1,326.33,4790.72
4085,1258,150,5,214.66,2777.65
4086,899,188,2,463.37,2301.33
4087,142,399,3,480.61,2484.1
4088,462,471,3,258.26,2323.69
4089,1387,272,3,107.98,3890.66
4090,259,234,4,877.67,1914.07
4091,927,41,2,826.1,3662.34
4092,615,133,5,196.17,4449.88
4093,1298,456,3,254.23,1699.6
4094,1759,159,5,586.56,866.81
4095,1743,230,5,54.45,1492.67
4096,461,308,4,479.65,3077.77
4097,1086,306,5,898.67,4204.21
4098,1302,183,3,894.13,1186.53
4099,64,187,4,557.06,4757.86
4100,1434,93,3,749.7,1745.15
4101,1255,439,1,257.17,927.2
4102,1041,244,1,893.88,3904.57
4103,753,456,1,46.17,4774.14
4104,1171,378,4,261.91,2679.61
4105,287,130,2,108.92,3233.33
4106,1115,413,4,461.17,2915.99
4107,1199,273,1,660.18,781.12
4108,1109,336,3,185.61,1622.84
4109,443,112,4,886.7,262.13
4110,486,218,4,955.08,3292.72
4111,1371,106,5,919.92,844.74
4112,720,487,3,462,4028.17
4113,1284,463,4,459.87,180.41
4114,844,403,3,865.65,3819.17
4115,1807,47,5,454.04,1826.79
4116,947,363,3,851.4,4363.04
4117,742,377,5,311.21,238.19
4118,1655,326,1,579.7,1479.08
4119,1615,139,3,337.7,3176.24
4120,1499,286,3,899.06,1038.17
4121,1256,177,4,300.94,1049.08
4122,1035,365,1,108.29,1879.24
4123,1289,70,1,620.33,4842.27
4124,634,437,5,299.78,4926.82
4125,149,66,4,785.59,3333.07
4126,906,168,2,849.68,3824.83
4127,1788,90,1,460.27,2339.97
4128,507,283,4,152.33,4862.04
4129,66,88,1,500.17,4638.96
4130,1582,413,3,448.63,2581.95
4131,490,35,4,520.62,2490.2
4132,1646,41,5,610.07,2412.37
4133,1578,58,1,577.62,61.87
4134,1385,455,1,48.25,4644.16
4135,1478,261,3,472.99,2807.92
4136,978,330,4,13.71,3218.22
4137,724,197,1,166.82,595.12
4138,523,225,5,479.4,3039.57
4139,1110,363,5,722.38,190.87
4140,182,168,4,56.93,299.31
4141,441,128,2,205.66,2386.12
4142,1304,162,4,675.06,4495.29
4143,1175,310,1,622.33,3765.53
4144,1832,411,5,156.31,3073.39
4145,1707,332,1,889.62,113.62
4146,1821,476,5,245.24,263.58
4147,1991,434,3,29.41,2875.12
4148,533,448,2,406.56,4527.92
4149,964,16,2,293.82,3279.85
4150,1166,165,5,297,3866.79
4151,1924,271,1,782.49,3099.39
4152,775,122,3,332.86,4003.49
4153,193,310,5,129.7,1183.57
4154,1934,21,2,30.23,3664.51
4155,221,102,1,163.64,2400.63
4156,1487,347,2,255.15,199.56
4157,537,232,1,920.25,2343.81
4158,1391,320,2,645.33,1898.39
4159,1539,228,3,592.4,129.16
4160,1117,201,5,356.66,1638.89
4161,665,27,4,830.78,3299.94
4162,339,184,4,839.3,1410.03
4163,1116,495,2,990.91,4094.92
4164,442,360,4,615.34,87.5
4165,7,176,5,299.09,1409.48
4166,71,393,5,351.24,4930.87
4167,509,283,1,91.44,3462.44
4168,458,188,2,975.79,2131.9
4169,378,289,2,239.03,987.97
4170,1582,253,4,501.15,2336.26
4171,1633,22,3,320.32,3111.46
4172,1437,232,4,222.16,2985.51
4173,31,342,2,385.19,4989.88
4174,912,386,4,953.16,940.32
4175,1780,457,5,321.17,3414.97
4176,328,58,2,150.99,1623.79
4177,507,391,1,835.23,2923.4
4178,622,138,5,282.05,2055.86
4179,310,215,4,553.35,3738.21
4180,296,4,3,630.19,3844.19
4181,1569,277,5,740.25,2016.02
4182,1195,322,5,25.78,4788.39
4183,1451,409,4,990.66,3117.54
4184,776,481,5,573.28,3095.44
4185,1389,30,2,554.76,780.3
4186,370,197,5,221.7,3494.61
4187,1143,47,2,521.68,829.02
4188,883,181,4,522.93,841.59
4189,885,78,3,147.7,2025.87
4190,1732,283,5,232.15,1611.23
4191,1119,269,1,346.3,864.07
4192,1726,151,5,462.79,1349.69
4193,778,369,1,754.53,4162.98
4194,332,344,2,411.36,4470.25
4195,674,359,2,234.3,4038.39
4196,195,260,3,365.27,233.88
4197,218,38,2,275.88,52.28
4198,1322,281,3,772.72,3427.88
4199,1802,320,3,722.39,1173.04
4200,1310,272,2,835.42,1428.3
4201,870,178,3,934.87,476.01
4202,162,29,2,200.47,2291.85
4203,1676,150,4,157.79,2331.82
4204,961,11,2,415.53,496.79
4205,478,273,4,852.99,3012.36
4206,1377,254,3,543.34,2895.51
4207,1146,252,3,316.7,781.29
4208,1893,22,3,192.95,2199.19
4209,342,196,1,391.58,3451.69
4210,161,128,5,522.1,194.53
4211,192,299,2,501.74,3529.75
4212,618,479,4,150.4,841.59
4213,1638,295,1,523.25,583.81
4214,372,193,2,165.75,609.34
4215,1163,10,2,819.23,716.09
4216,901,141,2,656.45,2957.52
4217,288,53,1,318.76,28.2
4218,1877,92,2,109.68,1521.7
4219,688,405,3,789.74,2564.37
4220,864,499,5,629.45,611.3
4221,773,155,4,495.17,1810.7
4222,1775,262,3,689.43,1543.68
4223,1522,176,5,793.79,1366.3
4224,362,351,4,660.1,2538.34
4225,1968,179,3,474.82,3783.03
4226,58,468,2,904.17,2379.73
4227,846,105,5,94.99,3809.34
4228,1755,47,5,555.14,2821.57
4229,1224,201,4,13.71,1654.14
4230,1278,68,5,898.13,4976.56
4231,666,458,3,706.14,4330.87
4232,1539,352,3,875.41,3957.16
4233,877,461,5,787.2,2014.26
4234,669,121,5,374.4,515.31
4235,563,278,1,113,2053.15
4236,1274,360,2,112.27,1440.25
4237,1770,381,5,298.48,563.63
4238,310,261,5,327.14,1503.53
4239,605,383,4,617.61,193.51
4240,969,426,5,496.99,3504.79
4241,28,293,1,652.71,3831.29
4242,761,76,3,188.68,4699.99
4243,441,256,3,788.12,2247.91
4244,1305,160,3,194.09,3145.88
4245,599,126,4,613.99,1994.46
4246,1975,281,1,129.49,255.46
4247,691,76,1,163.72,2051.62
4248,1139,77,3,955.56,3681.61
4249,815,85,5,558.19,2705.31
4250,1844,144,4,189.22,1988.5
4251,1906,173,5,450.46,3222.25
4252,1619,134,3,983.04,2503.53
4253,653,368,5,456.89,4339.13
4254,900,98,1,935.48,2790.57
4255,1982,348,4,822.7,4534.11
4256,1714,493,1,193.12,2324.64
4257,310,139,5,331.17,886.38
4258,374,489,2,194.31,445.49
4259,802,189,3,939.08,2310.53
4260,143,429,1,104.46,629.58
4261,1693,305,5,15.67,4181.12
4262,1408,217,3,984.58,4072.47
4263,709,94,5,984.76,1526.8
4264,809,258,2,44,4023.49
4265,648,407,2,537.01,3214.38
4266,504,350,5,343.52,4636.2
4267,867,376,3,471.08,3990.16
4268,84,54,2,776.54,1602.14
4269,1855,2,1,861.8,558.44
4270,1929,316,1,283.28,2951.77
4271,673,249,1,198.94,2897.9
4272,1490,111,5,345.34,299.2
4273,1260,132,4,968.2,4914.51
4274,1459,202,2,479.63,4203.48
4275,1118,461,5,692.38,265.47
4276,1172,384,4,916.62,2281
4277,619,410,3,255,3421.6
4278,1797,324,5,363.22,3243.2
4279,1066,5,1,484.95,2766.11
4280,135,251,3,892.85,2152.09
4281,1424,220,4,455.41,4268.21
4282,1116,139,2,84.58,1538.67
4283,1683,455,1,172.37,2500.96
4284,24,29,1,763.58,1545.04
4285,616,345,2,28.79,138.12
4286,1983,288,1,266.51,2478.8
4287,668,400,3,694.92,1628.88
4288,1015,319,3,133.56,3128.19
4289,618,444,1,98.19,4227.79
4290,459,449,2,678.63,3459.69
4291,1408,422,2,133.83,4396.72
4292,342,494,1,490.98,4071.96
4293,816,379,4,95.56,754.45
4294,163,63,4,449.98,455.09
4295,757,447,4,797.68,4250.05
4296,1009,343,5,243.35,4020.55
4297,875,437,3,968.71,1670.95
4298,224,428,3,443.08,3048.49
4299,1041,425,4,396.22,4305.03
4300,1998,226,4,518.32,3733.63
4301,1027,439,5,448.79,157.21
4302,571,340,1,370.8,3313.6
4303,573,294,1,386.56,4374.46
4304,1813,411,4,989.19,2689.44
4305,781,25,1,729.26,4884.23
4306,470,399,2,250.75,3765.64
4307,1728,108,4,975.52,2801.21
4308,1373,379,1,395.16,1256.99
4309,1483,369,1,290.33,2658.99
4310,1531,139,4,779.5,2853.3
4311,615,324,2,348.87,4661.7
4312,1682,262,2,134.8,210.16
4313,738,72,3,380.96,4353.43
4314,1561,156,1,301.45,3222.68
4315,951,119,4,41.91,4475.32
4316,1999,464,2,81.31,1737.47
4317,1857,467,2,337.13,1689.58
4318,1050,480,5,44,3428.6
4319,534,362,2,104.6,2225.2
4320,1827,105,2,668.82,1148.26
4321,1861,412,3,692.69,3917.95
4322,1018,420,2,471,4971.33
4323,657,252,2,341.15,4537.58
4324,1373,143,3,942.53,3472.99
4325,449,396,2,413.18,1672.58
4326,1153,166,1,897.01,4062.31
4327,1610,401,2,736.36,3541.44
4328,218,275,5,737.8,998.39
4329,1695,269,2,910.94,2505.31
4330,44,147,5,667.26,1854.57
4331,731,268,1,760.95,2279.41
4332,1308,54,4,616.09,3992.35
4333,1181,356,1,545.25,2639.33
4334,1197,17,2,324.73,2155.27
4335,1597,341,5,757.01,477.86
4336,1432,392,4,966.56,2951.82
4337,1891,159,4,295.15,3148.14
4338,1201,465,3,436.61,4930.96
4339,1455,240,2,874.01,556.23
4340,777,428,1,470.72,4230.23
4341,1099,427,2,134.02,2299.04
4342,490,193,4,171.79,4552.68
4343,1653,186,5,562.47,547.69
4344,1936,203,5,130.7,1534.31
4345,773,372,1,45.45,2850.71
4346,1211,2,4,204.85,4928.75
4347,1685,232,4,771.57,3274.39
4348,465,154,3,429.5,2895.33
4349,1812,294,5,710.89,1653.01
4350,515,59,5,497.66,2355.32
4351,1858,335,2,202.93,872.47
4352,997,375,3,976.66,653.58
4353,682,10,3,222.08,869.66
4354,1000,427,3,205.65,3864.24
4355,1858,496,2,504.31,1692.94
4356,992,231,1,52.57,261.92
4357,1681,412,1,48.92,743.35
4358,37,469,4,25.09,2927.18
4359,1532,394,2,117.65,142.09
4360,190,143,3,230.91,3571.33
4361,310,370,4,527.97,3045.85
4362,461,193,2,682.5,3392.66
4363,1757,207,3,174.34,1393.42
4364,364,306,3,758.3,2898.32
4365,1394,247,2,392.63,2468.79
4366,1211,396,3,122.44,4231.74
4367,1272,279,4,856.86,3454
4368,188,33,2,540.01,567.49
4369,978,78,5,690.24,2528.67
4370,1375,201,2,911.1,1849.32
4371,94,350,5,431.7,1276.11
4372,542,222,5,19.19,3564.39
4373,578,351,1,284.07,735.31
4374,301,96,5,605.93,1472.31
4375,385,164,3,588.75,2655.08
4376,121,257,2,456.21,1476.33
4377,345,484,5,25.04,1529.75
4378,1579,354,2,463.03,4783.1
4379,1729,7,4,981.65,316.37
4380,322,155,4,515.11,2215.95
4381,1869,233,4,424.29,2267.09
4382,505,156,4,180.19,3928.33
4383,591,308,2,838.98,1968.96
4384,101,294,3,894.98,2821.3
4385,137,268,4,978.32,4913.71
4386,971,377,5,683.69,2147.66
4387,1554,138,1,74.44,4943.37
4388,877,371,1,995.68,3242.12
4389,1884,280,3,535.54,2198.82
4390,557,107,4,786.84,3158.38
4391,1839,423,5,757.06,1035.61
4392,476,19,2,133.37,3775.79
4393,166,395,2,233.5,3015.36
4394,1242,255,4,820.91,3315.22
4395,321,416,5,408.18,760.17
4396,741,463,2,817.39,2570.81
4397,1369,32,5,67.41,1256.63
4398,184,1,4,273.29,4863.31
4399,840,439,4,130.78,3696.79
4400,1475,217,4,317.26,465.43
4401,506,411,1,77.36,3286.42
4402,739,119,5,765.62,1949.36
4403,1493,127,3,194.44,505.98
4404,181,31,2,145.69,4690.96
4405,791,29,3,744.99,4836.04
4406,964,91,5,979.36,1657.41
4407,1747,133,4,194.56,2473.08
4408,1656,83,3,952.82,3502.87
4409,370,314,4,226.89,2168.71
4410,1039,55,2,747.8,4626.2
4411,1717,320,4,330.82,405.83
4412,1457,358,5,420.48,2197.67
4413,349,441,1,966.21,476.41
4414,569,168,5,654.9,83.21
4415,724,132,3,619.18,2090.18
4416,731,403,5,678.61,1609.61
4417,1876,299,4,261.58,217.81
4418,213,69,3,87.21,445.66
4419,1865,467,1,918.4,2504.06
4420,362,464,1,335.87,4587.11
4421,143,479,1,249.87,779.09
4422,705,340,4,940.32,2093.81
4423,1250,207,2,195.3,4528.16
4424,1904,154,4,383.68,4958.96
4425,729,235,3,949.82,4033.59
4426,1049,423,1,402.43,4754.72
4427,495,257,4,177.88,449.53
4428,430,118,1,135.52,3940.74
4429,1887,36,1,671.11,2631.62
4430,1457,386,2,489.56,2749.88
4431,1729,186,3,886.77,1951.28
4432,1180,141,4,353.12,3116.29
4433,715,143,5,313.38,638.67
4434,1371,2,5,385.61,966.65
4435,160,237,5,194.81,4624.35
4436,752,265,1,172.52,3175.61
4437,960,116,1,664.23,1020.02
4438,308,240,4,454.97,4490.09
4439,1346,415,3,913.79,1367.53
4440,160,78,3,801.33,1602.99
4441,263,374,3,248.43,523.78
4442,1202,175,2,428.44,2776.64
4443,1476,278,2,174.67,853.2
4444,1487,19,3,198.02,2970.59
4445,640,203,2,397.09,4207.5
4446,795,164,1,686.03,4232.94
4447,317,128,4,174.39,4444.4
4448,604,118,3,460.61,1504.43
4449,1332,153,5,930.51,893.04
4450,108,15,2,201.12,33.31
4451,695,275,3,609.68,3222.32
4452,1696,5,5,172.73,3950.98
4453,203,284,1,511.29,4749.88
4454,446,226,1,368.16,1380.63
4455,213,160,2,534.35,1658.78
4456,1293,72,4,559.49,2178.2
4457,1394,292,2,689.69,219.81
4458,573,27,2,304.73,4362.55
4459,808,471,5,706.84,3367.23
4460,169,479,4,616.94,3964.98
4461,691,467,5,404.45,4844.62
4462,1609,153,2,334.13,4859.84
4463,719,284,5,843.7,1990.03
4464,1891,463,5,27.09,273.99
4465,285,489,4,379.3,4250.16
4466,119,393,3,912.66,2330.07
4467,127,237,1,244.77,4642.69
4468,1478,424,1,816.64,2014.87
4469,1675,120,1,335.43,1556.75
4470,1281,14,2,903.57,77.32
4471,893,454,4,874.13,4571.98
4472,897,150,5,779.73,2561.76
4473,132,449,5,849.13,3401.86
4474,1699,329,3,428.95,1282.96
4475,238,4,5,311.39,4406.76
4476,1008,251,2,136.38,2539.42
4477,1546,444,1,174.52,3999.47
4478,1939,152,2,22.3,4448.09
4479,160,9,3,119.06,103.87
4480,1448,459,3,433.11,3944.3
4481,1939,421,2,151.04,3544.66
4482,1369,101,1,202.87,3453.38
4483,457,255,4,764.84,210.02
4484,362,380,4,402.48,3647.62
4485,1250,197,3,610.48,797.41
4486,1430,492,5,637.23,3201.16
4487,741,166,3,577.55,1658.38
4488,24,278,1,523.83,1026.85
4489,858,82,4,109.15,2996.31
4490,633,80,5,351.86,3298.12
4491,133,183,4,235.97,3636.77
4492,1802,356,5,710.02,2186.55
4493,100,340,4,495.81,4040.49
4494,1812,233,1,53.54,3602.93
4495,1848,197,5,606.94,4600.19
4496,1028,461,1,454.71,3236.73
4497,1738,51,4,991.43,3475.5
4498,450,182,3,259.71,1706.5
4499,24,343,5,946.73,401.5
4500,1780,115,5,585.84,2810.17
4501,932,277,1,677.93,4038.53
4502,970,102,2,765.53,1986.32
4503,96,165,3,309.79,1601.74
4504,391,120,5,91.63,2450.41
4505,545,438,1,70.32,4446.05
4506,983,351,1,739.93,484.29
4507,762,9,2,903.72,4606.62
4508,537,56,2,880.98,1456.85
4509,1992,265,5,676.34,3011.91
4510,368,499,3,16.63,4817.74
4511,319,229,2,731.46,4448.43
4512,1899,236,1,513.01,1847.99
4513,1563,42,3,489.81,4008.01
4514,1796,38,1,722.23,653.12
4515,1040,353,2,580.45,4227.28
4516,1104,463,3,626.33,4517.67
4517,1756,116,4,641.18,1345.94
4518,231,297,4,290.34,2441.33
4519,818,56,5,896.85,1421.36
4520,562,121,5,705.31,2672.15
4521,819,174,4,206.49,4796.77
4522,9,356,3,639.6,1765.29
4523,728,326,4,522.89,1912.63
4524,1070,237,3,278.03,3647.56
4525,171,166,3,975,2393.54
4526,1107,267,4,882.62,4276.43
4527,1876,107,3,384.03,3929.47
4528,1715,134,1,701.13,3367.87
4529,722,118,3,62.86,1571.69
4530,679,190,4,837.31,390.57
4531,1684,134,4,877.5,3313.22
4532,1867,157,2,519.74,2557.61
4533,1711,195,1,910.32,1475.5
4534,691,372,5,722.79,3511.69
4535,1289,164,3,137.53,1154.66
4536,269,125,4,31.19,2132.66
4537,286,443,5,231.01,4910.61
4538,1711,389,2,309.92,2470.99
4539,574,350,1,463.34,2607.78
4540,1346,365,2,56.05,4840.75
4541,1596,114,3,178.25,1995.74
4542,1656,203,5,42.3,1120.32
4543,666,47,5,94.01,4150.26
4544,1822,148,5,64.58,606.35
4545,981,47,4,409.54,1387.65
4546,1572,3,3,820.63,4867.26
4547,745,462,4,656.82,3758.17
4548,1748,493,2,367.68,453.26
4549,1245,315,5,287.56,3637.92
4550,1414,486,3,293.45,2900.45
4551,1799,273,4,499.47,2296.6
4552,11,27,5,811.58,1006.23
4553,1022,204,5,699.39,2250.99
4554,407,158,2,77.04,1731.46
4555,1346,400,2,76.08,3676.61
4556,374,182,5,761.16,4748.09
4557,823,249,1,389.56,2462.77
4558,1719,274,2,265.97,2362.99
4559,1454,307,1,851.87,3889.81
4560,1840,220,5,69.17,2582.52
4561,291,330,1,217.13,215.92
4562,699,343,1,278.27,4800.94
4563,523,494,5,600.58,4882.12
4564,1021,386,4,600.29,2395.71
4565,1579,413,3,878.57,4812.58
4566,137,189,5,547.54,538.03
4567,1390,10,1,506.97,2787.24
4568,1844,287,4,642.05,3892.79
4569,1327,89,2,550.52,2686.99
4570,797,126,5,82,1841.11
4571,782,355,4,610.76,993.34
4572,987,109,5,528.64,1419.99
4573,1920,327,2,769.87,4983.59
4574,386,111,5,320.44,4149.02
4575,174,24,2,243.09,4525.1
4576,69,360,4,854.81,2195.87
4577,1603,27,2,991.07,3667.97
4578,356,36,2,637.36,50.04
4579,661,230,4,529.04,777.04
4580,532,229,5,178.42,4978.66
4581,473,132,3,13.39,3897.39
4582,271,467,1,574.62,2308.41
4583,737,381,2,781.13,379.28
4584,1302,22,1,486.63,3992.74
4585,1196,157,1,618.34,447.4
4586,1386,392,1,127.35,4126.83
4587,1966,78,4,923.85,1711.01
4588,1921,2,1,453.6,4503.29
4589,350,259,5,288.95,1243.47
4590,541,171,3,89.41,3649.08
4591,1217,65,2,764.69,2046.2
4592,1340,167,4,329.7,1021.83
4593,413,285,2,394.38,4288.04
4594,106,109,3,368.56,4856.22
4595,668,444,5,303.99,2274.11
4596,1089,176,1,703.36,2064.42
4597,1925,322,1,914.44,3665.69
4598,391,453,2,820.13,2258.97
4599,1474,370,4,489.96,2635.83
4600,1772,452,3,708.66,932.74
4601,792,306,4,447.79,3879.23
4602,1994,8,1,998.77,3705.64
4603,244,364,1,374.89,4830.23
4604,1556,469,3,669.41,1152
4605,321,261,3,836,2904.03
4606,982,410,4,864.35,4192.11
4607,902,433,1,567.41,4750.48
4608,1414,248,5,99.36,464.62
4609,226,224,1,745.38,1898.31
4610,487,374,2,352.39,4038.05
4611,372,55,2,613.61,4525.06
4612,1191,289,3,285.1,1872.94
4613,879,182,2,97.99,1108.15
4614,1250,162,1,770.27,722.36
4615,784,95,1,293.28,2658.07
4616,730,277,1,901.3,4201.93
4617,1192,168,1,61.59,3521.52
4618,295,62,2,140.99,4418.18
4619,1355,415,3,882.91,409.43
4620,505,7,1,78.93,640.68
4621,581,21,1,682.86,591.93
4622,1298,98,4,663.78,627.09
4623,1245,197,2,255.03,999.53
4624,1721,231,1,935.87,1123.58
4625,1805,206,2,270.79,1110.41
4626,1751,58,2,460.96,3967.28
4627,212,189,1,130.38,3606.83
4628,1514,434,3,510.42,1064.5
4629,1951,428,2,355.67,780.58
4630,529,425,1,529.82,2376.05
4631,340,58,5,556.88,4860.71
4632,978,470,1,813.69,255.28
4633,687,229,1,587.24,1138.74
4634,1666,86,3,111.12,3392.57
4635,444,480,2,924.38,3543.88
4636,767,465,5,181.05,1706.09
4637,1555,146,4,832.24,3302.87
4638,1685,272,5,537.52,1384.43
4639,833,208,5,687.55,1861.65
4640,850,69,4,360.25,4335.79
4641,546,66,2,329.4,3366.45
4642,1139,264,1,126.25,1217.54
4643,1723,86,4,374.97,3210.58
4644,8,208,2,557.34,685.88
4645,829,249,4,745.95,1929.15
4646,1500,340,4,434.8,2157.12
4647,521,51,4,996.58,4236.64
4648,1681,236,1,335.55,673.06
4649,629,154,5,562.89,1667.21
4650,112,238,4,872.44,4723.34
4651,1102,7,3,390.77,4926.78
4652,235,432,3,932.56,1643.8
4653,88,117,5,60.63,2036.31
4654,253,110,2,553.12,3263.25
4655,381,276,3,83.32,1009.63
4656,159,414,2,580.17,1028.41
4657,983,208,5,418.75,4274.59
4658,205,36,3,253.39,3802.19
4659,524,127,5,863.6,2482.61
4660,1546,103,5,790.68,3657.7
4661,829,182,1,601.02,355.81
4662,1983,165,2,420.78,3830.77
4663,669,65,1,971.84,3457.15
4664,875,352,5,146.29,2295.77
4665,553,222,1,748.85,2615.46
4666,1035,239,2,636.33,314.94
4667,643,485,3,642.46,3624.02
4668,1973,373,1,215.84,2513.69
4669,1867,391,5,936.18,2521.76
4670,384,164,1,856.29,1130.86
4671,1152,296,2,380.79,731.73
4672,1438,42,2,724.35,307.67
4673,1219,49,1,310.93,1185.59
4674,1927,246,5,727.93,4281.66
4675,1629,465,4,730.05,4649.01
4676,1742,283,2,63.48,3701.23
4677,1003,379,3,799.04,1874.76
4678,373,307,1,47.27,2051.59
4679,1915,117,2,90.31,3194.42
4680,1611,494,1,163.1,4013.68
4681,215,482,3,748.01,4655.54
4682,514,498,2,468.98,3924.24
4683,671,387,5,557.41,557.48
4684,1908,385,5,503.07,508.07
4685,1185,60,5,380.53,2586.58
4686,7,127,1,105.44,4812.89
4687,887,229,5,877.92,3154.09
4688,544,375,5,374.23,4456.6
4689,1155,492,2,115.88,1509.27
4690,1002,323,3,253.47,4635
4691,517,485,4,474.98,276.97
4692,1657,136,2,508.7,1736.55
4693,31,358,4,225.72,4605.33
4694,1581,421,3,786.35,1683.32
4695,1530,359,1,940.4,1973.82
4696,1866,105,5,725.05,4600.23
4697,721,212,4,141.11,2588.43
4698,649,440,1,482.53,1573.09
4699,817,326,1,937.9,1125.74
4700,3,466,5,206.79,3835.44
4701,588,329,2,858.37,4090.49
4702,966,385,4,569.2,1654.05
4703,801,255,3,773.74,408.7
4704,199,489,2,126.14,3817.4
4705,1585,380,5,479.18,220.12
4706,638,438,3,727.08,980.31
4707,1072,49,4,699.28,967.3
4708,762,290,1,506.33,756.67
4709,1191,211,4,753.7,1477.4
4710,1118,286,2,832.57,489.55
4711,1419,52,1,646.35,4555.27
4712,1059,425,1,921.94,3291.99
4713,1710,430,5,966.13,3312.21
4714,845,491,4,129.5,3938.63
4715,759,121,5,220.99,91.75
4716,229,359,3,181.59,1965.99
4717,99,129,5,128.64,4024.39
4718,1853,340,3,617.39,728.14
4719,946,212,3,529.36,4093.04
4720,1335,12,2,199.98,2751.08
4721,1741,172,3,581.8,3327.2
4722,688,410,5,493.48,1500.3
4723,697,380,3,809.93,3574.9
4724,1070,191,2,792.83,661.98
4725,301,65,1,582.04,1077.79
4726,484,201,2,333.67,250.13
4727,156,5,1,241.38,2179.88
4728,1202,21,4,900.64,4820.27
4729,350,202,1,291.02,134.58
4730,1617,224,1,211.01,3369.41
4731,1783,46,4,358.78,4487.13
4732,498,392,4,417.4,3824.65
4733,541,52,3,66.52,213.49
4734,686,146,5,983.64,4821.14
4735,1472,172,1,666.8,2446.72
4736,1127,197,4,272.15,4364.55
4737,977,327,3,836.16,3551.1
4738,61,481,5,434.2,2803.56
4739,913,48,1,24.94,3893.9
4740,1926,310,2,707.92,4305.92
4741,1936,248,1,414.75,2040.7
4742,263,354,5,66.58,2800.34
4743,216,15,1,184.49,3764.95
4744,1708,490,3,340.01,1667.28
4745,488,66,3,260.48,935.01
4746,1228,16,3,60.98,2473.21
4747,1567,433,3,595.95,2139.93
4748,900,203,5,765.7,2768.97
4749,1141,391,3,375.15,2597.98
4750,985,295,1,755.72,217.93
4751,1755,373,1,414.05,3702.05
4752,1407,419,3,377.39,465.68
4753,55,58,2,381.76,2546.94
4754,1377,345,3,587.77,3459.98
4755,806,166,3,803.35,3398.28
4756,1470,480,2,71.64,2281.46
4757,862,305,4,99.13,926.16
4758,278,298,4,185.52,4164.26
4759,1343,325,1,299.85,3967.52
4760,34,414,1,842.77,3616.4
4761,747,499,3,942.62,600.81
4762,1882,193,2,984.24,1364.22
4763,1320,411,4,953.53,2082.26
4764,971,73,5,723.68,246.89
4765,1427,232,2,156.17,170.51
4766,432,460,1,533.21,1006.59
4767,570,241,1,984.7,607.96
4768,1368,466,5,308.57,727.83
4769,535,415,1,842.06,1722.99
4770,1722,227,4,71.47,4575.51
4771,1324,347,2,322.04,4557.96
4772,670,222,3,499.1,1514.38
4773,1532,132,4,127.39,904.53
4774,1324,154,4,71.16,3339.46
4775,92,290,1,502.97,3597.99
4776,1061,293,1,142.8,2105.61
4777,1227,178,1,480.93,3714.91
4778,1372,172,5,24.49,1731.68
4779,1272,42,5,983.91,3782.16
4780,683,14,5,996.02,1996.58
4781,728,367,2,475.17,4082.46
4782,1597,308,2,674.83,4255.27
4783,1963,161,3,857.25,1598.05
4784,866,330,4,615.73,2140.38
4785,1877,237,2,932.01,3197.21
4786,163,256,3,503.17,3710.23
4787,665,457,5,502.16,622.49
4788,968,334,4,599.26,1755.95
4789,195,497,4,661.94,2464.67
4790,215,278,1,108.4,1511.08
4791,418,206,5,219.11,967.27
4792,1645,290,5,817.93,1325.12
4793,901,477,4,25.9,4714.05
4794,164,423,4,769.06,3523.71
4795,73,444,5,308.2,2779.39
4796,1291,285,1,969.51,1299.17
4797,596,182,3,960.08,633.28
4798,1548,52,5,792.36,2266.99
4799,710,356,2,854.63,1253.69
4800,808,345,2,661.44,1953.36
4801,1510,361,5,235.83,1122.79
4802,845,192,4,112.09,4333.2
4803,1463,337,1,84.52,2203.45
4804,1330,220,2,828.76,4439.51
4805,1720,20,4,851.81,2944.65
4806,1964,242,5,924.18,3889.93
4807,327,262,2,523.41,2665.05
4808,304,258,4,66.04,4921.68
4809,1382,52,3,329.74,2978.67
4810,1150,134,5,415.01,1940.34
4811,1786,486,1,848.75,1864.92
4812,1689,324,3,121.73,4021.48
4813,468,290,3,658.05,3739.78
4814,281,35,5,17.36,4191.73
4815,1390,139,4,361.42,1666.31
4816,558,235,5,802.05,2430.57
4817,275,433,4,791.37,2591.76
4818,965,445,3,268.31,2458.35
4819,249,323,4,685.58,2672.97
4820,1826,54,2,986.15,3111.85
4821,229,489,1,659,2639.51
4822,1984,255,3,454.18,2199.78
4823,1233,20,5,633.73,4405.15
4824,1746,180,1,728.14,1777.39
4825,420,329,1,365.18,4226.61
4826,778,44,1,236.52,2240.93
4827,1187,223,5,735.87,935.41
4828,889,323,1,292.28,1097.47
4829,631,149,5,751.22,3903.42
4830,1207,451,5,604.16,1512.51
4831,68,74,4,108.43,2796.98
4832,351,164,2,759.22,3215.5
4833,802,365,2,657.04,3379.68
4834,811,236,5,700.34,4623.31
4835,67,397,4,835.62,4291.74
4836,93,457,4,247.99,3900.64
4837,1980,426,3,35.81,3387.12
4838,1455,194,3,164.42,963.85
4839,1454,183,4,751.86,1332.53
4840,1614,481,3,954.92,2407.12
4841,582,47,1,88.65,2661.41
4842,1359,151,1,687.94,2514.42
4843,684,12,2,653.43,3753.16
4844,1540,26,2,529.69,553.25
4845,1677,46,4,858.83,2092.35
4846,867,481,1,293.29,3699.94
4847,1619,303,1,787.11,3110.19
4848,871,202,5,543.07,4057.96
4849,1968,127,5,381.1,2483.97
4850,609,74,4,418.9,1590.59
4851,1807,66,5,194.69,1592.04
4852,299,38,1,661.35,4955.22
4853,438,471,4,466.65,1798.43
4854,1652,95,1,244.41,3901.63
4855,1425,103,5,402.31,4448.42
4856,1726,23,3,614.74,1053.97
4857,471,337,3,829.86,3194.1
4858,632,464,5,635.69,2043.26
4859,1598,258,4,204.08,2435.87
4860,1220,358,3,528.06,2801.72
4861,1208,407,1,982.12,379.92
4862,460,250,4,554.51,2317.31
4863,1477,415,4,510.37,69.54
4864,1297,350,2,562.6,240.73
4865,1023,108,4,810.86,2359.23
4866,481,318,5,589.23,468.68
4867,766,149,1,667.74,4191.87
4868,565,469,2,29.88,4653.52
4869,612,167,3,13.71,843.78
4870,1563,332,3,861.56,990.51
4871,544,173,2,603.88,4663.67
4872,1813,206,3,963.2,2191.63
4873,895,370,1,517.24,95.08
4874,477,395,3,26.97,3158.66
4875,726,68,1,93.89,1540.04
4876,738,12,5,150.08,1787.35
4877,1855,245,5,881.16,4692.22
4878,693,345,4,382.04,2551.84
4879,1875,61,1,368.35,4016.16
4880,1476,122,1,697.2,2611.94
4881,265,341,5,836.63,3039.37
4882,1447,376,5,778.86,4568.31
4883,1883,447,4,322.83,801.67
4884,1670,106,1,154.82,121.67
4885,383,141,4,386.77,4622.7
4886,646,296,5,269.96,3244.59
4887,303,236,5,582.44,2155.57
4888,737,207,1,752.47,4596.38
4889,374,302,2,572.52,278.98
4890,465,409,3,959.79,1142.08
4891,1720,278,4,425.03,2521.26
4892,1514,287,1,379.17,2932.84
4893,1203,67,2,572.61,893.73
4894,554,214,3,754.84,67.47
4895,1722,133,5,414.63,1274.28
4896,1072,188,4,128.18,2279.7
4897,1707,452,4,653.73,343.4
4898,288,398,5,775.74,3370.85
4899,1517,447,3,639.32,1895.51
4900,1102,210,4,119.14,4950.33
4901,54,246,4,596.04,1762.83
4902,163,459,1,922.27,3803.93
4903,618,241,4,282.42,3097.19
4904,487,152,2,285.66,293.67
4905,501,388,2,98.51,2808.76
4906,610,76,4,591.58,4136.78
4907,1414,488,1,790.6,429.09
4908,723,193,4,975.22,4803.95
4909,1529,346,1,144.07,2318.96
4910,950,162,1,879.42,3654.43
4911,836,211,3,341.37,3860.2
4912,1588,360,3,539.47,4205.5
4913,1184,362,3,954.3,2123.88
4914,24,120,5,143.46,2163.69
4915,798,209,4,139.18,2385.84
4916,1436,159,2,618.36,2622.66
4917,178,32,1,843.39,4809.76
4918,1227,299,2,940.65,4384.34
4919,1298,486,4,819.69,3615.19
4920,837,140,2,410.84,3081.44
4921,1199,473,4,783.95,665.47
4922,752,267,1,454.15,3991.74
4923,1614,244,3,637.91,1175
4924,894,237,2,183.53,2737.73
4925,1984,35,4,401.05,1146.87
4926,1474,454,3,90.42,2917.97
4927,144,5,4,283.84,3480.56
4928,346,291,5,116.89,3985.5
4929,1719,58,5,642.13,2063.65
4930,626,246,2,996.96,2975.43
4931,1609,269,5,80.79,2431.39
4932,1196,168,5,606.3,1573.11
4933,982,197,4,361.95,3187.35
4934,459,216,1,337.21,2711.3
4935,1703,78,5,383.82,177.55
4936,1471,140,2,652.29,3843.75
4937,469,120,2,989.25,4421.62
4938,1088,248,1,273.45,221.45
4939,1523,178,2,645.97,3391.87
4940,1463,443,3,211.33,1060.54
4941,1565,178,4,302.25,2923.14
4942,322,104,5,66.65,2831.4
4943,968,449,2,588.58,2203.25
4944,527,482,5,342.97,1744.67
4945,1979,193,4,437.72,3535.15
4946,1135,397,5,174.54,4367.49
4947,84,99,4,947.29,3334.82
4948,1111,91,3,248.9,4939.5
4949,1045,307,4,144.23,2089.27
4950,922,500,3,76.3,203.2
4951,1176,199,1,623,841.99
4952,1319,214,1,967.03,3992.32
4953,1775,217,4,144.65,4777.8
4954,771,78,2,107.88,3553.66
4955,1998,188,2,369.28,408.44
4956,1177,124,1,260,3475.41
4957,834,462,1,178.23,3502.08
4958,1231,411,2,486.06,2471.31
4959,1200,239,2,578.87,3182.65
4960,103,254,4,467.11,2626.17
4961,1024,255,1,513.95,2430.49
4962,91,344,5,37.34,2638.49
4963,248,405,1,178.15,2735.47
4964,1520,394,2,861.25,2707.74
4965,885,146,2,596.14,2090.13
4966,1483,296,4,99.77,3171.73
4967,236,215,5,54.47,2739.41
4968,657,78,2,580.14,2124.24
4969,428,370,2,660.24,40.67
4970,1579,107,5,659.67,4429.11
4971,1759,159,5,619.76,4576.2
4972,64,180,2,321.08,1070.1
4973,712,376,1,561.03,3219.06
4974,1224,51,5,885.84,3821.02
4975,1041,138,4,681.32,1392.99
4976,916,259,2,16.38,2589.17
4977,319,253,2,676.48,1738.48
4978,1773,435,2,498.93,4431.72
4979,1033,445,2,56.12,4698.66
4980,1265,233,1,615.59,341.48
4981,42,371,4,173.24,2464.82
4982,1369,276,1,803.8,635.25
4983,8,38,3,517.51,613.5
4984,711,428,1,741,2571.65
4985,1839,15,4,224.8,4716.17
4986,567,269,2,554.3,2482.68
4987,1590,156,5,401.2,1753.65
4988,937,296,3,747.61,14.15
4989,675,175,4,189.74,3411.42
4990,881,368,2,34.35,3141.61
4991,95,72,5,52.42,3565.8
4992,1559,39,5,996.81,3339.37
4993,1606,303,5,342.39,4642.96
4994,1118,257,2,788.96,1491.61
4995,1611,338,1,488.66,545.83
4996,816,291,1,513.94,2452.56
4997,1511,474,5,466.31,785.23
4998,1515,405,5,601.18,1937.45
4999,150,451,2,338.95,3226.95
5000,1025,244,2,372.14,1716.75
